,Date,True,Predicted
0,,268.20493,261.74182
1,2020-02-29 12:00:00,269.90262,266.38916
2,2020-02-29 13:00:00,265.5476,267.36334
3,2020-02-29 14:00:00,262.66827,270.15207
4,2020-02-29 15:00:00,270.94064,272.39917
5,2020-02-29 16:00:00,270.88565,271.7867
6,2020-02-29 17:00:00,268.05023,272.04272
7,2020-02-29 18:00:00,277.14386,270.04932
8,2020-02-29 19:00:00,275.3414,268.05255
9,2020-02-29 20:00:00,291.09943,269.17737
10,2020-02-29 21:00:00,279.5112,269.99362
11,2020-02-29 22:00:00,282.65405,269.79706
12,2020-02-29 23:00:00,297.2254,272.45532
13,2020-03-01 00:00:00,305.24637,273.97583
14,2020-03-01 01:00:00,304.8332,279.89813
15,2020-03-01 02:00:00,320.22275,280.8694
16,2020-03-01 03:00:00,318.85486,281.14102
17,2020-03-01 04:00:00,316.456,287.174
18,2020-03-01 05:00:00,323.70648,292.9721
19,2020-03-01 06:00:00,313.65707,297.57013
20,2020-03-01 07:00:00,313.5065,304.3
21,2020-03-01 08:00:00,308.22336,309.30554
22,2020-03-01 09:00:00,306.06876,311.4338
23,2020-03-01 10:00:00,323.66782,315.016
24,2020-03-01 11:00:00,326.3537,313.90884
25,2020-03-01 12:00:00,326.63058,312.96957
26,2020-03-01 13:00:00,314.9945,310.6466
27,2020-03-01 14:00:00,314.33185,307.76852
28,2020-03-01 15:00:00,313.075,311.86172
29,2020-03-01 16:00:00,296.38266,315.45868
30,2020-03-01 17:00:00,296.0498,317.98627
31,2020-03-01 18:00:00,287.33783,316.41003
32,2020-03-01 19:00:00,292.34216,314.3694
33,2020-03-01 20:00:00,293.50345,313.51187
34,2020-03-01 21:00:00,292.66376,306.9835
35,2020-03-01 22:00:00,283.97516,302.11346
36,2020-03-01 23:00:00,288.40237,296.30392
37,2020-03-02 00:00:00,284.5095,293.70032
38,2020-03-02 01:00:00,289.9799,293.25473
39,2020-03-02 02:00:00,286.97443,291.90906
40,2020-03-02 03:00:00,287.21255,289.32718
41,2020-03-02 04:00:00,287.3429,288.24887
42,2020-03-02 05:00:00,291.81595,287.25113
43,2020-03-02 06:00:00,296.60657,287.62506
44,2020-03-02 07:00:00,296.9526,287.57114
45,2020-03-02 08:00:00,296.08963,286.84692
46,2020-03-02 09:00:00,271.39972,287.26508
47,2020-03-02 10:00:00,277.92453,288.37488
48,2020-03-02 11:00:00,280.19,291.20795
49,2020-03-02 12:00:00,276.15158,292.9267
50,2020-03-02 13:00:00,279.3383,293.90924
51,2020-03-02 14:00:00,292.43173,286.88937
52,2020-03-02 15:00:00,290.51736,283.245
53,2020-03-02 16:00:00,294.7644,282.45792
54,2020-03-02 17:00:00,296.11398,279.82083
55,2020-03-02 18:00:00,292.79303,279.6447
56,2020-03-02 19:00:00,289.3876,282.92154
57,2020-03-02 20:00:00,296.37454,286.06976
58,2020-03-02 21:00:00,295.3506,288.99017
59,2020-03-02 22:00:00,291.94418,291.57086
60,2020-03-02 23:00:00,284.54407,292.03268
61,2020-03-03 00:00:00,287.56882,291.5648
62,2020-03-03 01:00:00,285.90387,292.65973
63,2020-03-03 02:00:00,281.26895,293.56174
64,2020-03-03 03:00:00,283.35223,292.74408
65,2020-03-03 04:00:00,286.44324,289.9156
66,2020-03-03 05:00:00,274.22595,288.55972
67,2020-03-03 06:00:00,294.81433,287.81204
68,2020-03-03 07:00:00,291.76105,285.31668
69,2020-03-03 08:00:00,296.5068,284.37418
70,2020-03-03 09:00:00,292.82358,284.6984
71,2020-03-03 10:00:00,287.02942,281.5491
72,2020-03-03 11:00:00,290.45425,285.2329
73,2020-03-03 12:00:00,281.5834,287.88577
74,2020-03-03 13:00:00,278.8171,290.2511
75,2020-03-03 14:00:00,275.4869,291.83542
76,2020-03-03 15:00:00,270.3158,289.60303
77,2020-03-03 16:00:00,273.44443,290.44028
78,2020-03-03 17:00:00,267.24615,287.38275
79,2020-03-03 18:00:00,270.39407,284.27692
80,2020-03-03 19:00:00,272.0978,281.25116
81,2020-03-03 20:00:00,261.17825,277.21887
82,2020-03-03 21:00:00,259.7097,275.94327
83,2020-03-03 22:00:00,261.99557,272.9905
84,2020-03-03 23:00:00,253.96127,271.91684
85,2020-03-04 00:00:00,258.2908,272.2801
86,2020-03-04 01:00:00,260.018,268.81116
87,2020-03-04 02:00:00,256.6228,266.12634
88,2020-03-04 03:00:00,261.18637,264.90436
89,2020-03-04 04:00:00,266.15613,261.77658
90,2020-03-04 05:00:00,270.38904,260.8452
91,2020-03-04 06:00:00,267.9922,260.81714
92,2020-03-04 07:00:00,264.64777,259.85553
93,2020-03-04 08:00:00,272.92117,260.94528
94,2020-03-04 09:00:00,265.64938,263.0578
95,2020-03-04 10:00:00,264.62445,266.25345
96,2020-03-04 11:00:00,255.86551,267.7304
97,2020-03-04 12:00:00,259.40634,267.23233
98,2020-03-04 13:00:00,260.60428,269.69785
99,2020-03-04 14:00:00,258.3184,269.29022
100,2020-03-04 15:00:00,267.36734,268.06464
101,2020-03-04 16:00:00,261.86935,264.69647
102,2020-03-04 17:00:00,260.04047,262.7986
103,2020-03-04 18:00:00,261.9915,262.94077
104,2020-03-04 19:00:00,254.28094,261.44852
105,2020-03-04 20:00:00,259.03586,263.80164
106,2020-03-04 21:00:00,262.74878,263.75058
107,2020-03-04 22:00:00,282.67554,263.07574
108,2020-03-04 23:00:00,280.7397,263.49396
109,2020-03-05 00:00:00,276.62186,260.95004
110,2020-03-05 01:00:00,274.24228,260.91052
111,2020-03-05 02:00:00,275.68237,261.9722
112,2020-03-05 03:00:00,275.95517,268.90326
113,2020-03-05 04:00:00,274.4153,274.1096
114,2020-03-05 05:00:00,273.365,275.20908
115,2020-03-05 06:00:00,268.7911,275.96252
116,2020-03-05 07:00:00,263.1813,276.2263
117,2020-03-05 08:00:00,262.34775,277.08954
118,2020-03-05 09:00:00,264.6448,276.27924
119,2020-03-05 10:00:00,263.01736,275.3878
120,2020-03-05 11:00:00,261.14874,273.43222
121,2020-03-05 12:00:00,262.47586,270.32568
122,2020-03-05 13:00:00,257.10928,267.85828
123,2020-03-05 14:00:00,259.92856,266.9147
124,2020-03-05 15:00:00,258.80078,265.9228
125,2020-03-05 16:00:00,263.61987,264.56696
126,2020-03-05 17:00:00,261.58435,264.1378
127,2020-03-05 18:00:00,265.82535,262.39096
128,2020-03-05 19:00:00,261.57623,261.9706
129,2020-03-05 20:00:00,267.48737,261.5345
130,2020-03-05 21:00:00,266.99677,262.4701
131,2020-03-05 22:00:00,270.19568,263.04196
132,2020-03-05 23:00:00,262.19696,264.17395
133,2020-03-06 00:00:00,262.83624,264.31952
134,2020-03-06 01:00:00,259.22217,265.6179
135,2020-03-06 02:00:00,265.6319,267.08078
136,2020-03-06 03:00:00,266.2814,268.35126
137,2020-03-06 04:00:00,268.75864,267.34073
138,2020-03-06 05:00:00,268.1693,265.91974
139,2020-03-06 06:00:00,271.10764,264.58893
140,2020-03-06 07:00:00,277.66406,264.97528
141,2020-03-06 08:00:00,270.18134,266.19077
142,2020-03-06 09:00:00,274.8611,267.08817
143,2020-03-06 10:00:00,277.3861,268.226
144,2020-03-06 11:00:00,275.10327,269.48422
145,2020-03-06 12:00:00,276.2951,272.93774
146,2020-03-06 13:00:00,275.83304,272.73178
147,2020-03-06 14:00:00,272.1446,273.69724
148,2020-03-06 15:00:00,272.76553,275.48834
149,2020-03-06 16:00:00,273.1746,275.68832
150,2020-03-06 17:00:00,273.03928,276.44827
151,2020-03-06 18:00:00,272.06735,276.31134
152,2020-03-06 19:00:00,272.24637,275.37378
153,2020-03-06 20:00:00,273.26224,274.78018
154,2020-03-06 21:00:00,275.54297,274.4127
155,2020-03-06 22:00:00,283.30545,274.18936
156,2020-03-06 23:00:00,287.29,273.77325
157,2020-03-07 00:00:00,283.00314,273.40128
158,2020-03-07 01:00:00,283.28912,273.6754
159,2020-03-07 02:00:00,283.58224,274.57394
160,2020-03-07 03:00:00,280.412,277.6674
161,2020-03-07 04:00:00,279.65375,281.2108
162,2020-03-07 05:00:00,282.75278,282.23926
163,2020-03-07 06:00:00,282.1483,282.86267
164,2020-03-07 07:00:00,279.1052,283.4101
165,2020-03-07 08:00:00,280.2084,282.73682
166,2020-03-07 09:00:00,280.38754,281.84586
167,2020-03-07 10:00:00,282.63876,281.96054
168,2020-03-07 11:00:00,283.20462,282.10938
169,2020-03-07 12:00:00,287.5647,281.2182
170,2020-03-07 13:00:00,284.90738,280.837
171,2020-03-07 14:00:00,277.35965,280.78165
172,2020-03-07 15:00:00,277.09918,281.4993
173,2020-03-07 16:00:00,278.97992,282.20145
174,2020-03-07 17:00:00,276.4264,283.87372
175,2020-03-07 18:00:00,272.37262,284.5418
176,2020-03-07 19:00:00,272.60675,282.31323
177,2020-03-07 20:00:00,264.53995,280.6725
178,2020-03-07 21:00:00,266.15927,280.10782
179,2020-03-07 22:00:00,266.14294,279.04257
180,2020-03-07 23:00:00,267.21667,276.8443
181,2020-03-08 00:00:00,265.2646,275.26996
182,2020-03-08 01:00:00,269.46082,272.0374
183,2020-03-08 02:00:00,266.74344,270.09668
184,2020-03-08 03:00:00,265.80206,269.05295
185,2020-03-08 04:00:00,265.95255,268.41446
186,2020-03-08 05:00:00,263.79803,267.883
187,2020-03-08 06:00:00,265.3134,268.39343
188,2020-03-08 07:00:00,264.84933,268.5566
189,2020-03-08 08:00:00,271.2226,267.9819
190,2020-03-08 09:00:00,270.43887,267.88373
191,2020-03-08 10:00:00,266.3047,266.87286
192,2020-03-08 11:00:00,265.569,266.86984
193,2020-03-08 12:00:00,265.72662,266.59686
194,2020-03-08 13:00:00,264.4269,268.38275
195,2020-03-08 14:00:00,262.7863,269.7518
196,2020-03-08 15:00:00,264.30276,269.01022
197,2020-03-08 16:00:00,266.23557,268.4541
198,2020-03-08 17:00:00,268.7087,267.93677
199,2020-03-08 18:00:00,266.01978,267.37772
200,2020-03-08 19:00:00,267.1821,266.221
201,2020-03-08 20:00:00,270.8969,265.81088
202,2020-03-08 21:00:00,276.96988,266.37918
203,2020-03-08 22:00:00,274.81528,267.60626
204,2020-03-08 23:00:00,274.91708,267.65793
205,2020-03-09 00:00:00,282.90652,267.87643
206,2020-03-09 01:00:00,280.59302,269.4448
207,2020-03-09 02:00:00,280.58597,272.37286
208,2020-03-09 03:00:00,282.3508,273.89435
209,2020-03-09 04:00:00,276.90982,274.5241
210,2020-03-09 05:00:00,277.20096,277.70142
211,2020-03-09 06:00:00,297.7353,279.26675
212,2020-03-09 07:00:00,294.52933,280.07938
213,2020-03-09 08:00:00,288.75146,281.09125
214,2020-03-09 09:00:00,291.1768,279.95508
215,2020-03-09 10:00:00,289.11984,279.34412
216,2020-03-09 11:00:00,295.17966,285.10266
217,2020-03-09 12:00:00,295.82895,288.6927
218,2020-03-09 13:00:00,293.04855,288.7634
219,2020-03-09 14:00:00,289.58,289.65076
220,2020-03-09 15:00:00,290.14383,289.44003
221,2020-03-09 16:00:00,280.92188,291.62515
222,2020-03-09 17:00:00,272.79294,292.84763
223,2020-03-09 18:00:00,274.81424,292.4755
224,2020-03-09 19:00:00,279.0013,291.5526
225,2020-03-09 20:00:00,278.85483,290.72263
226,2020-03-09 21:00:00,278.91785,287.65564
227,2020-03-09 22:00:00,279.88367,282.46634
228,2020-03-09 23:00:00,273.9348,279.5598
229,2020-03-10 00:00:00,284.83014,279.00858
230,2020-03-10 01:00:00,288.42682,278.95047
231,2020-03-10 02:00:00,285.0336,278.74915
232,2020-03-10 03:00:00,284.0128,279.09045
233,2020-03-10 04:00:00,283.65656,277.80054
234,2020-03-10 05:00:00,289.6858,280.11514
235,2020-03-10 06:00:00,286.32724,283.2345
236,2020-03-10 07:00:00,285.2199,283.9156
237,2020-03-10 08:00:00,282.5431,284.26935
238,2020-03-10 09:00:00,281.95377,283.98312
239,2020-03-10 10:00:00,278.9718,286.1055
240,2020-03-10 11:00:00,281.80634,286.46548
241,2020-03-10 12:00:00,279.9041,285.79904
242,2020-03-10 13:00:00,281.67505,284.84814
243,2020-03-10 14:00:00,283.41028,283.7301
244,2020-03-10 15:00:00,283.46625,282.40564
245,2020-03-10 16:00:00,288.8268,281.8929
246,2020-03-10 17:00:00,290.22318,281.33844
247,2020-03-10 18:00:00,292.1172,281.25842
248,2020-03-10 19:00:00,285.68805,282.12445
249,2020-03-10 20:00:00,286.8055,282.5343
250,2020-03-10 21:00:00,289.2939,284.74
251,2020-03-10 22:00:00,285.91397,286.66364
252,2020-03-10 23:00:00,283.34412,288.51428
253,2020-03-11 00:00:00,282.9574,287.9031
254,2020-03-11 01:00:00,284.95322,287.3254
255,2020-03-11 02:00:00,282.12277,288.12717
256,2020-03-11 03:00:00,280.23486,287.29584
257,2020-03-11 04:00:00,280.61652,285.95233
258,2020-03-11 05:00:00,279.49698,284.66632
259,2020-03-11 06:00:00,279.59875,284.64548
260,2020-03-11 07:00:00,281.9468,283.9215
261,2020-03-11 08:00:00,284.23776,282.5241
262,2020-03-11 09:00:00,284.46167,281.83603
263,2020-03-11 10:00:00,284.97662,281.0736
264,2020-03-11 11:00:00,282.83212,280.66037
265,2020-03-11 12:00:00,280.06586,281.03464
266,2020-03-11 13:00:00,279.502,282.10977
267,2020-03-11 14:00:00,279.30362,283.0483
268,2020-03-11 15:00:00,281.217,283.77286
269,2020-03-11 16:00:00,278.3103,283.64288
270,2020-03-11 17:00:00,274.89664,282.60767
271,2020-03-11 18:00:00,274.63617,281.6751
272,2020-03-11 19:00:00,272.0704,280.8939
273,2020-03-11 20:00:00,270.22003,280.97937
274,2020-03-11 21:00:00,268.5774,280.19144
275,2020-03-11 22:00:00,266.46558,278.43893
276,2020-03-11 23:00:00,269.62372,277.2878
277,2020-03-12 00:00:00,271.29382,275.70416
278,2020-03-12 01:00:00,268.09903,274.04877
279,2020-03-12 02:00:00,270.46838,272.3402
280,2020-03-12 03:00:00,269.34787,270.48218
281,2020-03-12 04:00:00,270.82968,270.36273
282,2020-03-12 05:00:00,269.42618,270.93613
283,2020-03-12 06:00:00,267.71536,270.34048
284,2020-03-12 07:00:00,270.74423,270.66623
285,2020-03-12 08:00:00,271.77518,270.67447
286,2020-03-12 09:00:00,269.66135,271.10397
287,2020-03-12 10:00:00,268.4696,271.1132
288,2020-03-12 11:00:00,271.88315,270.20154
289,2020-03-12 12:00:00,272.70538,270.80447
290,2020-03-12 13:00:00,271.74976,271.48447
291,2020-03-12 14:00:00,270.74832,271.32922
292,2020-03-12 15:00:00,269.83838,270.74356
293,2020-03-12 16:00:00,268.3362,271.37485
294,2020-03-12 17:00:00,262.97058,272.32855
295,2020-03-12 18:00:00,255.94705,272.5318
296,2020-03-12 19:00:00,250.82758,272.28915
297,2020-03-12 20:00:00,251.01692,271.80304
298,2020-03-12 21:00:00,250.44803,271.12463
299,2020-03-12 22:00:00,249.7803,268.83847
300,2020-03-12 23:00:00,227.58102,264.86908
301,2020-03-13 00:00:00,225.4711,260.47043
302,2020-03-13 01:00:00,228.09596,257.506
303,2020-03-13 02:00:00,223.85493,255.47229
304,2020-03-13 03:00:00,226.0421,253.82446
305,2020-03-13 04:00:00,229.84142,245.81775
306,2020-03-13 05:00:00,228.29343,238.99223
307,2020-03-13 06:00:00,229.54216,236.04955
308,2020-03-13 07:00:00,235.92557,232.33746
309,2020-03-13 08:00:00,229.55133,230.87373
310,2020-03-13 09:00:00,225.69502,230.63832
311,2020-03-13 10:00:00,230.06427,230.90245
312,2020-03-13 11:00:00,228.06131,231.68256
313,2020-03-13 12:00:00,229.99706,234.09192
314,2020-03-13 13:00:00,231.62354,234.03247
315,2020-03-13 14:00:00,230.35635,232.41943
316,2020-03-13 15:00:00,231.97969,232.6407
317,2020-03-13 16:00:00,236.54544,232.22424
318,2020-03-13 17:00:00,230.66983,232.62422
319,2020-03-13 18:00:00,230.35541,233.2175
320,2020-03-13 19:00:00,231.91656,233.2115
321,2020-03-13 20:00:00,233.47372,234.08444
322,2020-03-13 21:00:00,231.07086,235.93289
323,2020-03-13 22:00:00,232.98523,235.52332
324,2020-03-13 23:00:00,235.12158,234.8159
325,2020-03-14 00:00:00,230.64444,234.93762
326,2020-03-14 01:00:00,229.3742,235.44017
327,2020-03-14 02:00:00,224.15619,235.2797
328,2020-03-14 03:00:00,226.85829,235.2463
329,2020-03-14 04:00:00,226.25378,236.32263
330,2020-03-14 05:00:00,224.63963,235.61395
331,2020-03-14 06:00:00,226.79222,234.58354
332,2020-03-14 07:00:00,229.6979,232.13002
333,2020-03-14 08:00:00,229.12996,231.19008
334,2020-03-14 09:00:00,230.25868,230.71251
335,2020-03-14 10:00:00,226.60889,229.4063
336,2020-03-14 11:00:00,227.65111,229.55614
337,2020-03-14 12:00:00,225.78554,230.4982
338,2020-03-14 13:00:00,226.70256,231.34085
339,2020-03-14 14:00:00,228.29753,232.1037
340,2020-03-14 15:00:00,235.47163,231.4851
341,2020-03-14 16:00:00,234.03154,231.2847
342,2020-03-14 17:00:00,234.10478,230.74916
343,2020-03-14 18:00:00,231.03009,230.29251
344,2020-03-14 19:00:00,230.80217,230.78964
345,2020-03-14 20:00:00,234.90074,233.19606
346,2020-03-14 21:00:00,232.7003,234.8898
347,2020-03-14 22:00:00,232.36955,235.67163
348,2020-03-14 23:00:00,230.28914,235.50937
349,2020-03-15 00:00:00,233.32008,234.97366
350,2020-03-15 01:00:00,229.06685,236.24103
351,2020-03-15 02:00:00,251.13188,236.08488
352,2020-03-15 03:00:00,252.97816,235.81865
353,2020-03-15 04:00:00,254.16895,235.01207
354,2020-03-15 05:00:00,254.83858,235.33476
355,2020-03-15 06:00:00,252.42455,234.59485
356,2020-03-15 07:00:00,253.2713,240.57195
357,2020-03-15 08:00:00,257.51328,246.42456
358,2020-03-15 09:00:00,251.86377,249.8889
359,2020-03-15 10:00:00,253.8107,253.27518
360,2020-03-15 11:00:00,255.74443,253.8739
361,2020-03-15 12:00:00,254.66356,255.38872
362,2020-03-15 13:00:00,250.41643,256.8728
363,2020-03-15 14:00:00,242.94919,256.10834
364,2020-03-15 15:00:00,238.42525,255.91351
365,2020-03-15 16:00:00,227.32445,256.60312
366,2020-03-15 17:00:00,228.95494,256.62665
367,2020-03-15 18:00:00,224.25798,255.52122
368,2020-03-15 19:00:00,213.97758,251.86635
369,2020-03-15 20:00:00,219.24545,248.05092
370,2020-03-15 21:00:00,220.6988,241.90555
371,2020-03-15 22:00:00,219.15903,237.77927
372,2020-03-15 23:00:00,219.83783,233.8926
373,2020-03-16 00:00:00,222.09622,227.52719
374,2020-03-16 01:00:00,219.17517,225.19165
375,2020-03-16 02:00:00,220.44234,224.23784
376,2020-03-16 03:00:00,220.89331,223.50435
377,2020-03-16 04:00:00,224.1857,223.2826
378,2020-03-16 05:00:00,223.19333,223.65804
379,2020-03-16 06:00:00,220.08923,223.67635
380,2020-03-16 07:00:00,222.5491,223.76581
381,2020-03-16 08:00:00,219.78484,224.012
382,2020-03-16 09:00:00,220.9106,225.18651
383,2020-03-16 10:00:00,222.78934,225.94458
384,2020-03-16 11:00:00,222.61833,225.06995
385,2020-03-16 12:00:00,223.37752,225.43542
386,2020-03-16 13:00:00,221.88654,224.819
387,2020-03-16 14:00:00,221.20773,224.63916
388,2020-03-16 15:00:00,222.66312,225.19614
389,2020-03-16 16:00:00,225.45277,225.35338
390,2020-03-16 17:00:00,225.51894,225.99533
391,2020-03-16 18:00:00,223.20757,225.76917
392,2020-03-16 19:00:00,224.43605,225.43759
393,2020-03-16 20:00:00,222.71706,225.73788
394,2020-03-16 21:00:00,222.06366,226.75919
395,2020-03-16 22:00:00,218.96358,227.6021
396,2020-03-16 23:00:00,213.36983,227.30698
397,2020-03-17 00:00:00,214.19739,227.48076
398,2020-03-17 01:00:00,216.23589,227.17325
399,2020-03-17 02:00:00,218.703,226.62718
400,2020-03-17 03:00:00,221.68813,225.2472
401,2020-03-17 04:00:00,222.16956,222.24252
402,2020-03-17 05:00:00,225.63295,220.54324
403,2020-03-17 06:00:00,228.44496,220.068
404,2020-03-17 07:00:00,225.8711,220.6167
405,2020-03-17 08:00:00,225.99016,222.08243
406,2020-03-17 09:00:00,230.4317,223.23967
407,2020-03-17 10:00:00,226.57022,225.3781
408,2020-03-17 11:00:00,225.94853,227.88528
409,2020-03-17 12:00:00,222.93181,228.67366
410,2020-03-17 13:00:00,220.88806,229.1155
411,2020-03-17 14:00:00,221.8917,230.75919
412,2020-03-17 15:00:00,220.30188,230.76595
413,2020-03-17 16:00:00,223.78265,230.2963
414,2020-03-17 17:00:00,222.09517,228.96844
415,2020-03-17 18:00:00,225.83548,227.22437
416,2020-03-17 19:00:00,225.46605,226.63722
417,2020-03-17 20:00:00,228.12852,225.41043
418,2020-03-17 21:00:00,224.08801,225.81393
419,2020-03-17 22:00:00,223.5068,225.72939
420,2020-03-17 23:00:00,221.77864,226.70956
421,2020-03-18 00:00:00,221.38277,227.7204
422,2020-03-18 01:00:00,221.38277,228.88097
423,2020-03-18 02:00:00,222.89925,228.83069
424,2020-03-18 03:00:00,223.3694,228.01593
425,2020-03-18 04:00:00,222.40253,227.30745
426,2020-03-18 05:00:00,225.51894,226.27802
427,2020-03-18 06:00:00,222.92769,225.84113
428,2020-03-18 07:00:00,223.72461,225.7356
429,2020-03-18 08:00:00,223.56592,226.09523
430,2020-03-18 09:00:00,224.4605,225.97516
431,2020-03-18 10:00:00,226.16728,226.95065
432,2020-03-18 11:00:00,224.11848,226.9161
433,2020-03-18 12:00:00,221.98737,226.97319
434,2020-03-18 13:00:00,223.69815,227.11472
435,2020-03-18 14:00:00,215.10315,227.25604
436,2020-03-18 15:00:00,217.3117,228.20033
437,2020-03-18 16:00:00,215.38303,227.94156
438,2020-03-18 17:00:00,213.17151,227.13307
439,2020-03-18 18:00:00,207.871,227.08255
440,2020-03-18 19:00:00,210.64032,224.36043
441,2020-03-18 20:00:00,208.7971,222.86691
442,2020-03-18 21:00:00,210.71051,221.51897
443,2020-03-18 22:00:00,209.09634,219.51949
444,2020-03-18 23:00:00,213.74957,216.89969
445,2020-03-19 00:00:00,213.74136,215.34624
446,2020-03-19 01:00:00,210.85707,214.49072
447,2020-03-19 02:00:00,211.27739,214.12569
448,2020-03-19 03:00:00,212.93634,213.71716
449,2020-03-19 04:00:00,210.9579,214.60812
450,2020-03-19 05:00:00,212.2117,215.91635
451,2020-03-19 06:00:00,213.39236,215.4244
452,2020-03-19 07:00:00,213.34148,215.43756
453,2020-03-19 08:00:00,213.44832,215.79135
454,2020-03-19 09:00:00,212.41632,215.63899
455,2020-03-19 10:00:00,208.66075,215.66957
456,2020-03-19 11:00:00,201.35526,216.0964
457,2020-03-19 12:00:00,201.47328,216.4463
458,2020-03-19 13:00:00,202.74962,216.8097
459,2020-03-19 14:00:00,202.83812,216.55913
460,2020-03-19 15:00:00,203.25339,215.24554
461,2020-03-19 16:00:00,205.99321,211.86336
462,2020-03-19 17:00:00,203.57191,209.34291
463,2020-03-19 18:00:00,211.32523,208.21622
464,2020-03-19 19:00:00,207.64394,207.4177
465,2020-03-19 20:00:00,212.86406,207.09357
466,2020-03-19 21:00:00,209.83424,207.70924
467,2020-03-19 22:00:00,214.74901,207.78409
468,2020-03-19 23:00:00,211.81583,210.22253
469,2020-03-20 00:00:00,194.20033,211.04955
470,2020-03-20 01:00:00,195.96106,212.79953
471,2020-03-20 02:00:00,194.44765,213.65681
472,2020-03-20 03:00:00,194.59927,215.00777
473,2020-03-20 04:00:00,196.38855,215.9109
474,2020-03-20 05:00:00,195.99878,209.80235
475,2020-03-20 06:00:00,194.96173,206.22186
476,2020-03-20 07:00:00,193.57338,203.2929
477,2020-03-20 08:00:00,198.86378,201.26515
478,2020-03-20 09:00:00,194.76732,200.69002
479,2020-03-20 10:00:00,194.71643,199.60526
480,2020-03-20 11:00:00,195.0237,199.50076
481,2020-03-20 12:00:00,193.19078,198.83427
482,2020-03-20 13:00:00,193.25581,200.10347
483,2020-03-20 14:00:00,194.00594,199.9317
484,2020-03-20 15:00:00,194.16777,199.36926
485,2020-03-20 16:00:00,193.89307,199.34912
486,2020-03-20 17:00:00,195.99878,198.50505
487,2020-03-20 18:00:00,197.28008,198.27205
488,2020-03-20 19:00:00,197.5691,197.982
489,2020-03-20 20:00:00,195.40945,198.02647
490,2020-03-20 21:00:00,195.11125,198.02022
491,2020-03-20 22:00:00,194.643,198.61182
492,2020-03-20 23:00:00,196.95648,199.60207
493,2020-03-21 00:00:00,197.16197,200.37134
494,2020-03-21 01:00:00,196.3662,200.18877
495,2020-03-21 02:00:00,196.77936,199.82516
496,2020-03-21 03:00:00,195.01558,199.54681
497,2020-03-21 04:00:00,195.46034,199.98235
498,2020-03-21 05:00:00,194.5078,200.44855
499,2020-03-21 06:00:00,192.93527,200.34236
500,2020-03-21 07:00:00,195.67613,200.53598
501,2020-03-21 08:00:00,195.34843,200.06941
502,2020-03-21 09:00:00,196.91876,199.9081
503,2020-03-21 10:00:00,198.62154,199.4781
504,2020-03-21 11:00:00,195.81966,198.5289
505,2020-03-21 12:00:00,195.81755,198.861
506,2020-03-21 13:00:00,195.59373,199.00699
507,2020-03-21 14:00:00,195.17542,199.62337
508,2020-03-21 15:00:00,196.54733,200.71451
509,2020-03-21 16:00:00,196.2755,200.46556
510,2020-03-21 17:00:00,190.29828,200.37311
511,2020-03-21 18:00:00,204.42383,200.15907
512,2020-03-21 19:00:00,202.53477,199.83456
513,2020-03-21 20:00:00,200.67226,200.11601
514,2020-03-21 21:00:00,200.29977,200.07913
515,2020-03-21 22:00:00,204.82782,198.20256
516,2020-03-21 23:00:00,201.85904,201.32996
517,2020-03-22 00:00:00,200.16647,203.51985
518,2020-03-22 01:00:00,200.67943,203.84906
519,2020-03-22 02:00:00,201.79086,204.35487
520,2020-03-22 03:00:00,202.48903,205.53815
521,2020-03-22 04:00:00,201.96387,206.44284
522,2020-03-22 05:00:00,203.8324,205.49432
523,2020-03-22 06:00:00,200.883,205.18042
524,2020-03-22 07:00:00,203.47014,205.28085
525,2020-03-22 08:00:00,203.09975,205.84721
526,2020-03-22 09:00:00,198.41281,205.76443
527,2020-03-22 10:00:00,198.52481,206.37157
528,2020-03-22 11:00:00,196.40277,206.00772
529,2020-03-22 12:00:00,192.78775,206.41362
530,2020-03-22 13:00:00,195.82166,206.78706
531,2020-03-22 14:00:00,195.56824,205.24876
532,2020-03-22 15:00:00,195.64253,204.31483
533,2020-03-22 16:00:00,191.81581,202.83946
534,2020-03-22 17:00:00,192.37143,200.73471
535,2020-03-22 18:00:00,195.58752,200.19875
536,2020-03-22 19:00:00,195.1041,199.75838
537,2020-03-22 20:00:00,192.2198,199.60931
538,2020-03-22 21:00:00,191.28749,198.35794
539,2020-03-22 22:00:00,188.40723,197.41112
540,2020-03-22 23:00:00,191.73436,198.26901
541,2020-03-23 00:00:00,191.81982,198.54291
542,2020-03-23 01:00:00,187.43634,197.81494
543,2020-03-23 02:00:00,188.5345,196.82118
544,2020-03-23 03:00:00,180.89816,195.3782
545,2020-03-23 04:00:00,166.02365,195.44177
546,2020-03-23 05:00:00,167.49228,195.59921
547,2020-03-23 06:00:00,167.57574,194.05339
548,2020-03-23 07:00:00,169.5451,193.4612
549,2020-03-23 08:00:00,168.02556,190.58374
550,2020-03-23 09:00:00,164.9631,183.63605
551,2020-03-23 10:00:00,164.3351,179.00699
552,2020-03-23 11:00:00,166.28116,175.97319
553,2020-03-23 12:00:00,166.8175,174.6628
554,2020-03-23 13:00:00,161.88336,173.41878
555,2020-03-23 14:00:00,162.149,171.21275
556,2020-03-23 15:00:00,161.33376,170.34828
557,2020-03-23 16:00:00,162.35257,170.29309
558,2020-03-23 17:00:00,159.29927,170.57349
559,2020-03-23 18:00:00,163.37033,169.01328
560,2020-03-23 19:00:00,161.46103,167.84952
561,2020-03-23 20:00:00,157.09683,167.04176
562,2020-03-23 21:00:00,153.00027,166.77373
563,2020-03-23 22:00:00,151.54091,165.71185
564,2020-03-23 23:00:00,151.89915,165.91202
565,2020-03-24 00:00:00,156.50655,165.99686
566,2020-03-24 01:00:00,156.66219,164.28786
567,2020-03-24 02:00:00,155.00229,161.93466
568,2020-03-24 03:00:00,155.43178,159.47775
569,2020-03-24 04:00:00,156.6388,158.27481
570,2020-03-24 05:00:00,157.16501,158.73672
571,2020-03-24 06:00:00,157.58638,159.27075
572,2020-03-24 07:00:00,158.28151,159.08446
573,2020-03-24 08:00:00,160.20409,159.2928
574,2020-03-24 09:00:00,159.97406,159.86742
575,2020-03-24 10:00:00,159.27483,160.59816
576,2020-03-24 11:00:00,160.20303,161.02576
577,2020-03-24 12:00:00,161.67578,161.48354
578,2020-03-24 13:00:00,159.5354,162.52986
579,2020-03-24 14:00:00,156.8627,163.24371
580,2020-03-24 15:00:00,157.90797,163.39677
581,2020-03-24 16:00:00,158.44736,163.79846
582,2020-03-24 17:00:00,158.74251,164.55786
583,2020-03-24 18:00:00,155.62007,164.43666
584,2020-03-24 19:00:00,154.21045,163.27858
585,2020-03-24 20:00:00,153.16928,162.7816
586,2020-03-24 21:00:00,156.11975,162.72382
587,2020-03-24 22:00:00,154.06894,162.78044
588,2020-03-24 23:00:00,154.73055,161.71767
589,2020-03-25 00:00:00,160.62239,160.39264
590,2020-03-25 01:00:00,158.94807,159.36751
591,2020-03-25 02:00:00,158.62038,159.52022
592,2020-03-25 03:00:00,161.13734,159.13104
593,2020-03-25 04:00:00,157.30042,158.78648
594,2020-03-25 05:00:00,154.97078,160.77762
595,2020-03-25 06:00:00,155.99562,161.70021
596,2020-03-25 07:00:00,156.02512,162.24342
597,2020-03-25 08:00:00,156.28264,163.34064
598,2020-03-25 09:00:00,156.59612,162.87688
599,2020-03-25 10:00:00,156.38138,161.82913
600,2020-03-25 11:00:00,158.70793,161.13937
601,2020-03-25 12:00:00,157.53854,160.70607
602,2020-03-25 13:00:00,158.03926,160.64397
603,2020-03-25 14:00:00,156.80571,160.49889
604,2020-03-25 15:00:00,158.79245,160.42195
605,2020-03-25 16:00:00,155.36055,161.29315
606,2020-03-25 17:00:00,154.69695,161.54337
607,2020-03-25 18:00:00,139.35617,161.76265
608,2020-03-25 19:00:00,138.95218,161.61845
609,2020-03-25 20:00:00,137.82347,161.99225
610,2020-03-25 21:00:00,132.355,161.38744
611,2020-03-25 22:00:00,136.03218,160.34882
612,2020-03-25 23:00:00,133.93564,154.85347
613,2020-03-26 00:00:00,124.898926,150.19537
614,2020-03-26 01:00:00,107.61831,147.293
615,2020-03-26 02:00:00,106.20056,142.90042
616,2020-03-26 03:00:00,102.99769,141.49704
617,2020-03-26 04:00:00,104.646416,139.50018
618,2020-03-26 05:00:00,108.6788,135.75893
619,2020-03-26 06:00:00,105.65711,127.474
620,2020-03-26 07:00:00,106.69116,120.6356
621,2020-03-26 08:00:00,108.7338,115.66114
622,2020-03-26 09:00:00,108.05596,112.261154
623,2020-03-26 10:00:00,115.17826,111.52651
624,2020-03-26 11:00:00,111.10009,109.86838
625,2020-03-26 12:00:00,109.54904,109.92416
626,2020-03-26 13:00:00,105.779236,110.73349
627,2020-03-26 14:00:00,107.88905,111.205574
628,2020-03-26 15:00:00,102.885735,113.96127
629,2020-03-26 16:00:00,92.57885,114.4423
630,2020-03-26 17:00:00,102.27712,114.07979
631,2020-03-26 18:00:00,98.122604,112.85572
632,2020-03-26 19:00:00,87.01781,112.18507
633,2020-03-26 20:00:00,53.00622,110.69955
634,2020-03-26 21:00:00,55.963844,105.442116
635,2020-03-26 22:00:00,60.046074,105.06984
636,2020-03-26 23:00:00,49.889862,103.84409
637,2020-03-27 00:00:00,49.27208,99.20964
638,2020-03-27 01:00:00,57.523052,84.85827
639,2020-03-27 02:00:00,58.30979,74.59901
640,2020-03-27 03:00:00,60.903046,70.75598
641,2020-03-27 04:00:00,69.84714,63.739315
642,2020-03-27 05:00:00,77.73679,58.887123
643,2020-03-27 06:00:00,79.49652,57.52052
644,2020-03-27 07:00:00,80.965164,59.02729
645,2020-03-27 08:00:00,73.602715,60.95948
646,2020-03-27 09:00:00,74.911514,64.69637
647,2020-03-27 10:00:00,67.91034,70.465195
648,2020-03-27 11:00:00,67.271164,75.51075
649,2020-03-27 12:00:00,72.25821,78.98139
650,2020-03-27 13:00:00,74.936966,79.00563
651,2020-03-27 14:00:00,68.37138,79.2454
652,2020-03-27 15:00:00,68.66146,77.19012
653,2020-03-27 16:00:00,69.05223,74.71423
654,2020-03-27 17:00:00,65.14307,74.939766
655,2020-03-27 18:00:00,61.772236,75.54592
656,2020-03-27 19:00:00,64.05101,74.47698
657,2020-03-27 20:00:00,63.557358,73.26122
658,2020-03-27 21:00:00,64.140526,73.0516
659,2020-03-27 22:00:00,61.84552,71.72177
660,2020-03-27 23:00:00,64.29115,69.56846
661,2020-03-28 00:00:00,72.358986,68.33857
662,2020-03-28 01:00:00,76.962326,67.816536
663,2020-03-28 02:00:00,77.84269,67.597664
664,2020-03-28 03:00:00,75.798996,66.66757
665,2020-03-28 04:00:00,78.5582,66.736626
666,2020-03-28 05:00:00,75.75216,69.85035
667,2020-03-28 06:00:00,75.46824,73.475746
668,2020-03-28 07:00:00,74.50948,76.37916
669,2020-03-28 08:00:00,77.17502,77.59889
670,2020-03-28 09:00:00,78.42691,79.38311
671,2020-03-28 10:00:00,72.200195,79.97455
672,2020-03-28 11:00:00,72.78948,79.7811
673,2020-03-28 12:00:00,71.264885,79.27053
674,2020-03-28 13:00:00,68.58207,79.48122
675,2020-03-28 14:00:00,64.09169,80.46045
676,2020-03-28 15:00:00,64.55784,78.79105
677,2020-03-28 16:00:00,66.429474,77.82131
678,2020-03-28 17:00:00,64.03774,76.77361
679,2020-03-28 18:00:00,67.63859,75.141014
680,2020-03-28 19:00:00,72.64907,72.581245
681,2020-03-28 20:00:00,59.685814,70.47736
682,2020-03-28 21:00:00,66.55265,70.14471
683,2020-03-28 22:00:00,62.294296,69.067894
684,2020-03-28 23:00:00,61.07406,69.44345
685,2020-03-29 00:00:00,51.829716,71.48153
686,2020-03-29 01:00:00,44.944546,68.99399
687,2020-03-29 02:00:00,47.937737,69.11274
688,2020-03-29 03:00:00,53.691177,68.17386
689,2020-03-29 04:00:00,54.47386,66.74495
690,2020-03-29 05:00:00,50.212452,63.331028
691,2020-03-29 06:00:00,51.778824,57.35402
692,2020-03-29 07:00:00,50.97986,55.3736
693,2020-03-29 08:00:00,48.577957,55.336937
694,2020-03-29 09:00:00,36.49201,55.966988
695,2020-03-29 10:00:00,34.777065,54.800697
696,2020-03-29 11:00:00,17.691954,54.624786
697,2020-03-29 12:00:00,19.240944,54.84038
698,2020-03-29 13:00:00,12.945104,54.139046
699,2020-03-29 14:00:00,10.321296,49.573032
700,2020-03-29 15:00:00,0.19964664,45.2553
701,2020-03-29 16:00:00,10.286683,37.441353
702,2020-03-29 17:00:00,13.0784,31.746525
703,2020-03-29 18:00:00,18.073603,26.48419
704,2020-03-29 19:00:00,20.47751,21.118128
705,2020-03-29 20:00:00,33.771523,15.420738
706,2020-03-29 21:00:00,33.65145,13.508393
707,2020-03-29 22:00:00,60.861317,14.783943
708,2020-03-29 23:00:00,58.69755,16.559507
709,2020-03-30 00:00:00,62.59865,19.299114
710,2020-03-30 01:00:00,71.452126,24.824749
711,2020-03-30 02:00:00,68.99628,30.107183
712,2020-03-30 03:00:00,68.77542,41.49173
713,2020-03-30 04:00:00,73.00527,49.869915
714,2020-03-30 05:00:00,66.814224,55.681473
715,2020-03-30 06:00:00,62.579315,63.736603
716,2020-03-30 07:00:00,67.4788,67.19056
717,2020-03-30 08:00:00,67.73837,70.5821
718,2020-03-30 09:00:00,58.249733,72.66931
719,2020-03-30 10:00:00,60.800255,72.30346
720,2020-03-30 11:00:00,62.878517,70.59716
721,2020-03-30 12:00:00,60.903046,70.45186
722,2020-03-30 13:00:00,71.04503,70.61718
723,2020-03-30 14:00:00,65.15629,67.8413
724,2020-03-30 15:00:00,71.65265,66.08379
725,2020-03-30 16:00:00,61.642952,65.928505
726,2020-03-30 17:00:00,64.2637,65.47884
727,2020-03-30 18:00:00,62.785896,68.30169
728,2020-03-30 19:00:00,62.611877,68.28066
729,2020-03-30 20:00:00,62.01954,70.504135
730,2020-03-30 21:00:00,63.173656,69.379166
731,2020-03-30 22:00:00,59.25833,68.36035
732,2020-03-30 23:00:00,51.361507,68.38369
733,2020-03-31 00:00:00,52.535007,66.98192
734,2020-03-31 01:00:00,55.924168,66.80896
735,2020-03-31 02:00:00,57.59433,66.09745
736,2020-03-31 03:00:00,54.374126,65.165146
737,2020-03-31 04:00:00,55.830547,61.60003
738,2020-03-31 05:00:00,53.502884,59.473118
739,2020-03-31 06:00:00,57.87114,59.1993
740,2020-03-31 07:00:00,56.87987,59.654087
741,2020-03-31 08:00:00,61.213463,58.873947
742,2020-03-31 09:00:00,62.023647,58.567593
743,2020-03-31 10:00:00,63.081036,58.226982
744,2020-03-31 11:00:00,61.569668,59.254677
745,2020-03-31 12:00:00,60.385998,59.82656
746,2020-03-31 13:00:00,53.504936,61.135906
747,2020-03-31 14:00:00,52.57368,62.875954
748,2020-03-31 15:00:00,53.282078,64.01469
749,2020-03-31 16:00:00,55.55474,64.78411
750,2020-03-31 17:00:00,52.222538,64.45775
751,2020-03-31 18:00:00,49.629284,62.28749
752,2020-03-31 19:00:00,34.623432,60.013317
753,2020-03-31 20:00:00,37.30009,58.822803
754,2020-03-31 21:00:00,62.21089,58.531017
755,2020-03-31 22:00:00,69.45732,57.50831
756,2020-03-31 23:00:00,72.12696,55.601265
757,,70.42825,49.91554
758,,78.387184,46.396862
759,,94.26428,52.402184
760,,103.85366,59.123108
761,,98.51443,64.765854
762,,103.97984,67.94036
763,,103.44451,73.14912
764,,101.40081,83.048134
765,,100.62224,92.06838
766,,99.54035,96.362595
767,,104.49684,100.55686
768,,98.95513,103.85398
769,,99.44368,105.159294
770,,96.67736,105.48493
771,,94.861725,104.422195
772,,92.692856,105.82113
773,,97.90887,104.87015
774,,97.72162,103.982796
775,,98.640656,102.857254
776,,98.69661,101.13247
777,,94.80673,99.69079
778,,95.078476,99.75262
779,,91.11736,100.36169
780,,93.51416,100.78235
781,,93.18746,101.377815
782,,108.80198,100.36955
783,,108.552666,100.01331
784,,106.136444,98.251114
785,,106.37663,97.64028
786,,109.23147,97.356606
787,,104.94165,101.9025
788,,102.861336,105.91775
789,,86.52926,107.1999
790,,90.26651,108.765755
791,,94.50853,110.27813
792,,93.35742,110.67997
793,,93.05316,109.18119
794,,96.57357,102.8335
795,,94.213394,99.15735
796,,94.026146,98.75279
797,,94.779274,97.49762
798,,99.54136,97.040886
799,,98.09205,97.27622
800,,104.41744,97.81182
801,,101.854744,97.933365
802,,98.92663,98.09553
803,,107.53586,99.703705
804,,122.12044,100.719894
805,,123.015076,103.00835
806,,128.74097,104.225
807,,122.275116,103.73581
808,,123.83433,106.51337
809,,122.698494,113.01407
810,,119.977005,118.44489
811,,122.3148,123.46747
812,,117.19751,125.08838
813,,121.69195,126.49474
814,,122.52648,127.56139
815,,125.46682,126.21265
816,,122.97636,126.39088
817,,121.89347,124.31565
818,,122.071594,124.52678
819,,122.188614,125.233315
820,,125.13606,126.36051
821,,122.791115,126.898445
822,,123.67759,126.27817
823,,121.94742,126.47726
824,,118.966354,126.3305
825,,118.02999,127.31761
826,,113.00227,127.08439
827,,117.11506,127.14239
828,,110.9413,126.84511
829,,103.28166,125.44173
830,,101.435425,124.31646
831,,106.697266,121.61169
832,,94.85863,121.09985
833,,95.12225,118.947914
834,,97.67989,114.518036
835,,97.31758,111.122154
836,,101.58099,110.23603
837,,101.95954,106.48374
838,,101.863914,103.068954
839,,95.40723,102.061325
840,,86.92724,101.31871
841,,76.96433,102.77188
842,,76.52162,103.26254
843,,80.90004,104.10978
844,,78.21111,102.77239
845,,77.931206,98.59745
846,,74.45152,92.57387
847,,75.674866,87.79844
848,,78.98663,86.130875
849,,82.91213,83.99641
850,,78.08188,82.47255
851,,82.053154,80.517044
852,,91.142815,79.86823
853,,86.72777,80.90991
854,,77.10274,82.529564
855,,79.50574,82.39492
856,,77.77957,83.216286
857,,78.10527,87.25536
858,,81.75801,88.69648
859,,81.56867,86.35934
860,,83.72432,84.94629
861,,85.878914,83.89693
862,,87.81777,83.243774
863,,84.05102,83.57424
864,,87.191826,83.59254
865,,86.87329,84.941246
866,,83.53397,86.49363
867,,84.28004,88.23382
868,,74.72322,88.416626
869,,71.33306,89.14218
870,,72.10758,89.84098
871,,69.35253,88.9855
872,,77.02644,88.650215
873,,75.837715,85.063644
874,,76.60708,81.4604
875,,78.140884,79.25586
876,,77.382645,76.61508
877,,75.638245,77.55759
878,,77.56789,77.77852
879,,76.05447,78.28966
880,,75.26872,79.661415
881,,73.81841,80.00655
882,,73.85914,80.175964
883,,76.73231,80.37089
884,,78.08188,80.18005
885,,79.71332,79.699455
886,,77.3328,78.86807
887,,84.63319,78.16593
888,,82.00026,78.86292
889,,81.56566,79.681595
890,,82.166115,80.83899
891,,77.74702,80.928024
892,,74.98681,83.273285
893,,77.7674,84.47899
894,,76.12775,84.68599
895,,77.8783,85.280624
896,,72.35794,83.84626
897,,73.9986,82.33063
898,,73.27702,81.668495
899,,75.33389,80.88208
900,,76.13491,80.88489
901,,81.07406,79.09492
902,,80.55501,78.19516
903,,78.70066,77.91008
904,,80.186584,77.91112
905,,82.41958,78.60938
906,,80.07969,80.24954
907,,76.98166,81.83108
908,,78.89201,82.008736
909,,78.4503,82.780556
910,,76.39544,83.91197
911,,59.93006,84.12301
912,,62.196617,82.88356
913,,61.852634,82.55745
914,,60.850098,82.4106
915,,61.857697,81.58711
916,,59.066982,75.52511
917,,60.908104,71.52268
918,,59.3795,69.39216
919,,64.865204,67.11571
920,,66.70127,66.22319
921,,69.61,64.07986
922,,67.39534,64.16565
923,,69.40643,63.757065
924,,97.34914,65.03104
925,,93.33708,66.93513
926,,94.61337,68.84487
927,,92.51368,69.9048
928,,93.95181,70.85577
929,,95.651474,81.02025
930,,95.43468,87.30165
931,,66.142494,91.29752
932,,65.04944,93.77788
933,,67.557144,95.267944
934,,65.94809,98.21902
935,,68.20959,98.27345
936,,68.63702,89.1282
937,,67.29356,81.32802
938,,68.061966,77.632675
939,,67.09509,74.08274
940,,78.68438,72.83045
941,,77.21674,70.97574
942,,76.963326,70.85162
943,,78.89301,71.22348
944,,77.37042,70.95611
945,,84.57924,74.615616
946,,84.12636,77.02144
947,,90.61865,78.126335
948,,85.3802,79.919975
949,,87.424904,80.325966
950,,80.41966,83.45272
951,,76.5664,85.03113
952,,80.03801,88.01917
953,,82.08472,88.906746
954,,84.31465,89.45243
955,,85.42909,88.32799
956,,84.14058,85.28382
957,,87.258995,84.857086
958,,85.55427,84.62058
959,,84.93749,85.66497
960,,86.85701,86.49947
961,,86.02138,86.83946
962,,84.45611,88.39506
963,,87.37807,88.90602
964,,87.081924,88.839645
965,,82.960014,89.45398
966,,83.44345,89.44912
967,,82.27807,89.107346
968,,86.2504,89.57867
969,,79.704155,89.9584
970,,81.00183,88.90806
971,,83.97979,88.15394
972,,82.25568,87.280426
973,,84.79403,88.06104
974,,83.77827,86.57112
975,,87.38522,85.42974
976,,95.89978,86.204796
977,,92.55746,85.93177
978,,91.23233,86.87105
979,,90.15861,86.816
980,,94.11566,88.18763
981,,98.774,92.20387
982,,100.96015,93.746704
983,,100.96421,94.35516
984,,99.6187,94.35583
985,,104.95383,95.57492
986,,100.36782,98.32249
987,,104.26476,100.33959
988,,104.03479,101.934616
989,,101.096504,102.56239
990,,100.452225,104.85345
991,,98.52975,105.07479
992,,97.82546,105.98381
993,,99.569855,106.8158
994,,100.28742,106.01864
995,,99.81716,105.68291
996,,100.662964,104.253876
997,,100.3047,103.38061
998,,98.460526,103.19551
999,,97.97198,103.240875
1000,,98.242676,103.2782
1001,,96.61735,103.55139
1002,,100.019684,103.717964
1003,,97.792854,103.28717
1004,,95.76749,102.734604
1005,,99.901665,102.381516
1006,,96.97661,101.66782
1007,,94.53503,102.19119
1008,,91.79721,101.947075
1009,,88.55257,100.99582
1010,,88.08236,101.831245
1011,,89.30981,101.429565
1012,,89.429924,100.40804
1013,,92.70508,98.64391
1014,,92.25721,96.2175
1015,,91.61302,94.68513
1016,,96.845314,93.72426
1017,,96.405655,93.22374
1018,,99.70931,94.010666
1019,,98.640656,94.57465
1020,,99.24521,94.79538
1021,,100.061455,96.788
1022,,102.570206,98.05699
1023,,99.22077,99.989716
1024,,100.16525,101.01238
1025,,99.6788,101.64029
1026,,98.73022,102.742485
1027,,100.703636,103.892235
1028,,101.19118,103.872505
1029,,102.68827,103.73829
1030,,99.17599,103.73353
1031,,100.593735,103.24267
1032,,96.6733,103.69819
1033,,97.4122,103.9325
1034,,98.79429,104.779945
1035,,96.930824,104.24638
1036,,95.51408,104.1224
1037,,98.91952,103.0677
1038,,94.80162,102.19736
1039,,93.69945,102.33891
1040,,92.40989,101.49239
1041,,95.18026,100.735245
1042,,94.756836,101.07303
1043,,96.81171,100.31396
1044,,96.53084,99.23298
1045,,101.36114,98.083115
1046,,88.1078,98.049576
1047,,87.54703,98.34084
1048,,89.82275,98.73469
1049,,91.6812,99.28623
1050,,84.25153,101.10257
1051,,77.316475,98.46907
1052,,82.33001,95.640335
1053,,80.29448,94.991325
1054,,80.47562,94.705215
1055,,80.393166,92.662636
1056,,82.31373,87.87547
1057,,82.73606,86.907776
1058,,83.596085,85.87218
1059,,82.77473,85.007614
1060,,81.400764,84.27414
1061,,81.44048,84.3474
1062,,80.89088,85.3033
1063,,76.14302,85.804985
1064,,77.18418,86.07598
1065,,79.54947,85.712265
1066,,79.89345,85.54762
1067,,80.28732,85.15816
1068,,78.38924,83.33932
1069,,74.77822,82.22042
1070,,69.45933,82.34737
1071,,69.47771,82.60131
1072,,63.986847,82.9678
1073,,68.616684,82.45126
1074,,69.25786,81.1333
1075,,66.500755,78.478134
1076,,67.91034,76.39134
1077,,70.13922,73.29357
1078,,67.809555,72.331314
1079,,69.36981,72.25177
1080,,73.29836,71.07818
1081,,71.17021,71.16514
1082,,67.54497,71.707085
1083,,67.75665,71.843544
1084,,65.051445,72.1496
1085,,67.01575,73.584206
1086,,67.000465,74.11092
1087,,67.85233,73.23932
1088,,69.81052,72.438034
1089,,68.19325,71.186554
1090,,68.20959,70.92256
1091,,71.40735,70.62839
1092,,70.126,70.552635
1093,,69.332146,71.49577
1094,,63.123768,71.48555
1095,,64.698296,71.65087
1096,,66.17305,72.735054
1097,,64.140526,73.13696
1098,,65.19291,73.11168
1099,,62.49381,70.973755
1100,,65.324196,69.81125
1101,,65.649895,69.85405
1102,,66.92919,68.88202
1103,,59.59625,68.669266
1104,,60.03796,67.49743
1105,,60.657745,67.85277
1106,,61.542213,68.4086
1107,,59.986065,68.880226
1108,,61.462822,67.17952
1109,,62.487698,65.62083
1110,,60.119358,65.25453
1111,,58.88585,64.95953
1112,,62.3819,64.49753
1113,,61.54422,64.16551
1114,,64.57923,64.822395
1115,,64.49573,64.46243
1116,,64.87027,63.784397
1117,,61.667397,64.31425
1118,,64.74714,64.64926
1119,,65.66517,65.7286
1120,,65.50232,66.49947
1121,,67.419785,67.05821
1122,,65.52877,66.746544
1123,,70.49853,67.076614
1124,,65.62139,67.98272
1125,,65.49927,68.24714
1126,,64.995445,69.18024
1127,,65.604065,69.058624
1128,,65.15629,70.77063
1129,,66.44275,70.49611
1130,,68.00501,69.828545
1131,,67.8951,69.57007
1132,,67.35562,69.14981
1133,,67.33834,69.20872
1134,,68.979,69.100334
1135,,66.13333,69.89789
1136,,66.54348,70.39358
1137,,66.8539,70.61424
1138,,67.372955,70.688034
1139,,68.91994,71.32522
1140,,69.82369,70.89011
1141,,68.22181,70.49745
1142,,71.32695,70.42793
1143,,73.639336,70.48098
1144,,72.99406,71.17932
1145,,69.13468,71.758064
1146,,71.778824,71.82722
1147,,71.39312,72.80562
1148,,70.581985,74.3573
1149,,70.19928,75.20343
1150,,72.023125,74.51193
1151,,70.30102,74.61529
1152,,72.788475,74.91863
1153,,71.18649,74.64057
1154,,71.14682,74.28786
1155,,71.49185,74.429726
1156,,73.013435,74.39169
1157,,70.75395,74.896706
1158,,71.281166,74.89022
1159,,64.55474,74.70628
1160,,64.379715,74.929985
1161,,64.70131,75.30427
1162,,64.59952,75.13346
1163,,61.885193,74.854324
1164,,59.66853,72.68837
1165,,60.5234,70.83378
1166,,50.64299,69.93796
1167,,51.856163,68.95814
1168,,51.80527,67.72187
1169,,54.819897,65.7402
1170,,52.572628,65.03197
1171,,52.84137,61.438324
1172,,53.859135,58.998215
1173,,54.61632,57.534443
1174,,51.82661,57.301277
1175,,49.786022,56.959694
1176,,50.47914,56.12447
1177,,51.75543,56.65615
1178,,51.40734,57.09882
1179,,50.89946,56.715076
1180,,51.46229,55.415333
1181,,51.47652,54.880623
1182,,59.88227,54.94819
1183,,61.163574,54.908146
1184,,58.895016,54.563675
1185,,54.981693,54.581936
1186,,56.160255,54.749184
1187,,52.759968,57.548424
1188,,53.73596,60.102375
1189,,57.001945,60.959774
1190,,57.564823,60.41576
1191,,53.755295,60.132576
1192,,55.543472,59.295963
1193,,57.360203,58.412647
1194,,56.150085,58.897083
1195,,59.14843,59.358715
1196,,57.80196,58.791695
1197,,57.84674,58.64499
1198,,57.531216,59.462345
1199,,52.65613,59.657173
1200,,54.981693,60.61971
1201,,53.957867,60.767
1202,,51.94062,61.010105
1203,,52.1462,61.175385
1204,,51.925392,59.45322
1205,,53.651505,59.099655
1206,,51.807278,58.473972
1207,,51.26994,57.30207
1208,,50.176838,56.66336
1209,,51.171207,55.927177
1210,,53.795017,56.346233
1211,,55.97,55.973034
1212,,58.046207,55.401237
1213,,56.506287,54.857548
1214,,53.35326,54.67591
1215,,55.18221,55.57278
1216,,55.59031,56.749798
1217,,36.67825,58.367916
1218,,35.350113,59.01928
1219,,30.744724,58.451
1220,,33.604664,58.625946
1221,,34.102325,58.87479
1222,,33.828526,52.925068
1223,,33.64128,47.700302
1224,,33.026554,42.97186
1225,,34.03721,40.40009
1226,,32.25003,39.30052
1227,,32.763973,37.445168
1228,,34.067715,37.340977
1229,,33.53544,36.887516
1230,,32.314102,37.275227
1231,,33.304413,36.87771
1232,,33.49882,36.63366
1233,,33.605667,36.975014
1234,,39.585026,36.998486
1235,,33.434654,36.71829
1236,,22.127333,36.678238
1237,,20.446001,36.865036
1238,,14.221344,37.0286
1239,,18.734114,38.96693
1240,,16.096079,38.513435
1241,,15.722546,34.42613
1242,,6.469085,30.931992
1243,,3.8361113,26.531754
1244,,6.358085,24.944746
1245,,2.601597,22.879007
1246,,6.360138,20.925528
1247,,9.395148,17.592869
1248,,10.209341,13.875202
1249,,14.570482,12.852456
1250,,13.582174,10.566429
1251,,13.032615,10.269216
1252,,11.139547,10.886413
1253,,7.513252,11.896552
1254,,6.1637273,14.328719
1255,,7.1876035,15.466402
1256,,7.6527066,16.31081
1257,,9.701461,16.287182
1258,,5.966314,14.8433485
1259,,-0.48936668,13.527248
1260,,12.644807,12.636753
1261,,14.795395,12.235102
1262,,27.939783,12.5796175
1263,,33.157845,11.714336
1264,,32.426105,9.120786
1265,,32.719193,11.408523
1266,,41.70396,14.043067
1267,,58.043106,19.750439
1268,,58.711826,25.792185
1269,,91.11021,29.296797
1270,,75.01942,32.879013
1271,,71.113205,37.306026
1272,,62.742115,46.17293
1273,,61.629726,52.31385
1274,,62.669884,66.4165
1275,,60.17636,72.249626
1276,,61.441433,73.642876
1277,,59.941235,73.02826
1278,,55.006138,69.97388
1279,,53.392982,70.14117
1280,,56.838097,66.74619
1281,,60.462337,65.6784
1282,,60.067463,64.46713
1283,,64.98122,62.351795
1284,,53.786854,60.452206
1285,,57.523052,60.072834
1286,,59.490406,61.272427
1287,,59.642033,61.95139
1288,,58.425804,63.865253
1289,,62.16506,61.986946
1290,,63.630642,61.554546
1291,,60.281204,62.35219
1292,,61.085228,62.34279
1293,,61.666344,62.498405
1294,,61.04145,62.895355
1295,,57.952587,64.60336
1296,,55.47124,64.498245
1297,,58.300625,64.52685
1298,,58.093998,64.71685
1299,,57.443703,64.78947
1300,,55.06209,63.7517
1301,,56.566395,61.90347
1302,,60.699474,61.74206
1303,,59.713264,61.651634
1304,,58.965244,61.265152
1305,,60.55295,60.23274
1306,,60.22215,59.93997
1307,,63.868828,61.442184
1308,,63.95739,62.05078
1309,,66.58416,62.16619
1310,,61.9951,62.73059
1311,,62.30652,63.17978
1312,,63.484074,64.71523
1313,,65.562386,65.68766
1314,,64.901825,67.09468
1315,,67.009636,66.8773
1316,,65.61528,66.40842
1317,,64.85093,66.82642
1318,,65.574554,67.4396
1319,,63.09531,67.92441
1320,,61.84953,68.50837
1321,,63.54213,68.856995
1322,,62.440865,68.72228
1323,,61.171738,68.95374
1324,,62.33502,68.12414
1325,,60.41961,67.20596
1326,,59.558582,66.97765
1327,,60.06135,66.536964
1328,,57.699123,65.86145
1329,,59.37745,65.6604
1330,,61.594112,65.00832
1331,,60.802307,64.34407
1332,,58.592712,63.9667
1333,,59.68075,62.930042
1334,,60.59974,62.820747
1335,,60.483727,63.442425
1336,,61.024166,63.66786
1337,,60.88877,63.20007
1338,,61.230793,63.036522
1339,,61.12901,63.460537
1340,,59.229828,63.694134
1341,,60.827755,63.906013
1342,,60.820595,63.96865
1343,,59.456795,64.26322
1344,,60.393158,64.43827
1345,,60.362606,63.861248
1346,,59.59219,63.956287
1347,,60.102077,64.07092
1348,,59.457798,63.66121
1349,,59.679703,63.68583
1350,,65.230576,63.638424
1351,,62.80423,63.49622
1352,,62.597603,63.490795
1353,,63.671368,63.231365
1354,,61.776295,63.200504
1355,,63.46269,64.9526
1356,,63.292725,65.50594
1357,,62.8154,65.691505
1358,,64.20464,66.26383
1359,,68.83343,65.95655
1360,,78.204,66.491264
1361,,86.10383,66.48782
1362,,86.82345,66.3579
1363,,88.93938,66.84441
1364,,87.03814,68.52944
1365,,87.13692,73.019844
1366,,97.69417,78.81033
1367,,102.995636,83.12483
1368,,108.26359,86.77793
1369,,104.22714,88.78489
1370,,107.234604,90.036476
1371,,103.69282,94.20162
1372,,101.95954,98.63327
1373,,94.569595,103.41626
1374,,97.18935,105.446594
1375,,100.603905,107.49615
1376,,100.42883,108.402534
1377,,99.78866,107.6388
1378,,102.29951,104.83033
1379,,103.12082,102.89115
1380,,99.24927,103.38886
1381,,105.57772,103.27661
1382,,106.42246,103.27289
1383,,98.74244,103.84861
1384,,85.92065,105.083
1385,,86.493645,104.618614
1386,,89.72406,106.06332
1387,,86.92824,107.59717
1388,,77.714455,106.050415
1389,,75.33489,100.64125
1390,,77.997375,96.49795
1391,,76.111465,95.388016
1392,,76.88193,93.403336
1393,,78.65688,88.80896
1394,,77.568886,84.56269
1395,,76.947044,83.313354
1396,,78.8014,81.98911
1397,,78.895065,81.051796
1398,,72.171745,80.918816
1399,,81.00488,80.858925
1400,,83.27956,80.86114
1401,,85.884026,81.23979
1402,,82.30251,81.69286
1403,,81.557495,79.835846
1404,,83.679535,81.07446
1405,,80.32193,83.135796
1406,,73.07445,85.23164
1407,,75.885506,85.791405
1408,,67.95211,85.25791
1409,,66.502754,86.447205
1410,,70.92702,85.702675
1411,,68.25537,82.730736
1412,,70.423195,81.17381
1413,,69.804405,77.88394
1414,,71.417564,74.88669
1415,,68.71842,74.353294
1416,,70.32957,72.95432
1417,,69.12757,73.21771
1418,,68.720474,72.93512
1419,,70.02932,73.43473
1420,,68.92199,73.38019
1421,,69.43087,73.27267
1422,,71.01753,73.24364
1423,,71.26794,72.75641
1424,,68.5424,73.06918
1425,,68.907715,72.697845
1426,,66.60354,72.79335
1427,,68.68485,73.29982
1428,,64.19037,73.770294
1429,,64.93949,73.30685
1430,,63.64592,72.89605
1431,,59.921898,72.008896
1432,,61.2888,71.95973
1433,,62.311626,70.59887
1434,,69.49805,69.50154
1435,,69.145905,68.74859
1436,,66.6361,66.70228
1437,,67.22233,65.9975
1438,,65.74557,65.60157
1439,,64.92116,67.89959
1440,,65.3537,69.60502
1441,,65.6835,69.67672
1442,,64.21181,70.24824
1443,,62.88057,70.03018
1444,,63.756874,69.77478
1445,,65.716064,69.36844
1446,,66.37047,69.091805
1447,,68.198364,68.62705
1448,,66.36641,67.74684
1449,,66.352135,67.46131
1450,,64.23725,67.98854
1451,,66.63104,68.604675
1452,,66.21678,69.553375
1453,,66.7715,69.71066
1454,,68.71842,69.792564
1455,,79.53624,69.27223
1456,,82.66177,69.44085
1457,,81.84252,69.64675
1458,,75.849884,69.65556
1459,,70.41097,70.52806
1460,,65.05856,74.50546
1461,,65.415764,78.843895
1462,,64.98322,81.26518
1463,,65.71401,81.10946
1464,,65.72418,78.90827
1465,,66.69516,75.91808
1466,,67.49918,73.31959
1467,,64.34615,71.34898
1468,,65.69363,70.00202
1469,,64.80104,69.364845
1470,,62.556927,69.28699
1471,,64.08968,69.8911
1472,,62.164055,69.23737
1473,,62.626152,69.17218
1474,,56.10325,68.913765
1475,,66.68294,67.911125
1476,,63.84744,67.74102
1477,,63.71615,66.86925
1478,,68.90471,66.54292
1479,,65.108406,64.25306
1480,,64.902824,65.710014
1481,,67.449295,66.58804
1482,,66.64932,66.46725
1483,,67.39534,68.62874
1484,,68.2991,68.43536
1485,,69.10112,68.924706
1486,,70.855736,69.5053
1487,,76.351654,69.70177
1488,,76.357765,70.32026
1489,,75.72371,70.65133
1490,,73.65361,71.29172
1491,,76.202034,72.46648
1492,,77.059006,74.897316
1493,,75.789825,76.79666
1494,,75.270775,77.7734
1495,,74.69477,77.80705
1496,,75.504906,78.4932
1497,,76.88193,79.514305
1498,,75.75216,79.41356
1499,,75.083534,79.18575
1500,,74.82501,78.75559
1501,,77.01522,78.907906
1502,,76.2397,79.40627
1503,,77.70729,79.30294
1504,,78.82379,79.02565
1505,,78.04932,78.77037
1506,,78.726105,79.32422
1507,,78.5816,79.56545
1508,,77.561775,79.99989
1509,,76.596954,80.82022
1510,,75.969,81.09363
1511,,75.48247,81.61032
1512,,74.80161,81.78181
1513,,75.67176,81.61716
1514,,75.35633,81.156044
1515,,74.89829,80.50604
1516,,77.37759,79.96437
1517,,77.72973,79.328896
1518,,76.6458,79.134575
1519,,81.24507,78.96946
1520,,75.403114,78.70243
1521,,77.25035,79.362236
1522,,79.40495,79.998146
1523,,81.50359,80.11356
1524,,85.45454,81.629745
1525,,83.945175,80.91484
1526,,84.846924,80.80936
1527,,85.6764,81.63569
1528,,86.445854,82.6047
1529,,88.768364,85.027985
1530,,93.05111,85.74844
1531,,85.59194,86.80676
1532,,84.83776,87.89098
1533,,85.288635,88.7265
1534,,85.05761,90.17042
1535,,79.30317,92.30662
1536,,80.64152,91.568924
1537,,81.53716,90.4564
1538,,80.32093,90.02178
1539,,83.063805,89.47722
1540,,82.68622,87.44583
1541,,82.57321,85.7207
1542,,82.93252,85.41616
1543,,81.33158,84.761246
1544,,77.627945,85.26769
1545,,74.97769,85.35923
1546,,76.06263,85.66046
1547,,74.470856,86.037994
1548,,76.72314,85.60866
1549,,74.803665,84.25392
1550,,70.48931,82.20624
1551,,69.557106,81.12663
1552,,70.45575,79.96128
1553,,68.5729,79.74636
1554,,67.40652,79.113205
1555,,70.87001,77.20383
1556,,70.609436,75.78536
1557,,72.22669,74.94236
1558,,68.234024,73.96784
1559,,69.58761,72.69751
1560,,69.96926,72.90515
1561,,67.6193,73.270294
1562,,67.39434,74.06672
1563,,67.73732,73.34997
1564,,70.829285,73.08506
1565,,69.10924,73.44088
1566,,69.415596,72.56514
1567,,67.359726,72.01541
1568,,66.4753,71.492546
1569,,68.644135,72.391205
1570,,68.47623,72.54233
1571,,69.33319,72.49047
1572,,68.20959,72.033356
1573,,67.73933,71.274315
1574,,63.100372,71.63994
1575,,65.229576,71.61865
1576,,59.77538,71.97017
1577,,60.04507,71.8376
1578,,60.753468,71.5624
1579,,60.88371,70.06745
1580,,62.203777,69.393616
1581,,63.256107,67.43388
1582,,62.953804,65.747505
1583,,61.085228,65.15959
1584,,65.886024,64.467285
1585,,68.34593,64.917175
1586,,65.97048,65.2345
1587,,65.01583,65.68833
1588,,65.61528,65.40485
1589,,66.65338,66.646675
1590,,64.880486,68.52376
1591,,63.70087,68.955376
1592,,62.538593,68.86926
1593,,64.12219,68.89502
1594,,64.2342,69.51546
1595,,66.26872,69.25354
1596,,66.4142,68.3855
1597,,65.74557,67.5253
1598,,67.446236,67.45519
1599,,68.64824,67.55599
1600,,67.80855,68.1042
1601,,68.77747,68.70932
1602,,67.43401,68.8475
1603,,67.47779,69.64489
1604,,67.450294,70.518005
1605,,63.16554,70.9169
1606,,64.00418,71.37922
1607,,64.63313,71.26287
1608,,62.435802,71.19835
1609,,60.359596,71.17261
1610,,56.325153,69.61266
1611,,57.38565,68.792206
1612,,57.188187,68.44254
1613,,55.947563,67.49368
1614,,53.5131,66.20133
1615,,58.8034,63.800182
1616,,59.757046,62.640903
1617,,59.621696,61.903294
1618,,57.80091,60.795227
1619,,59.558582,59.37318
1620,,57.26658,59.943825
1621,,58.081825,61.154186
1622,,57.24013,61.755085
1623,,48.320484,61.67831
1624,,40.180416,61.985596
1625,,41.052616,61.93295
1626,,42.436752,61.726154
1627,,38.29957,61.413013
1628,,41.32131,58.13477
1629,,40.9885,53.275673
1630,,40.78698,49.909004
1631,,38.14589,48.273636
1632,,32.784313,45.82221
1633,,39.69187,44.765007
1634,,39.040478,44.301647
1635,,65.85547,44.260864
1636,,66.441696,43.564472
1637,,64.960884,40.9571
1638,,65.42904,41.624737
1639,,70.88219,41.982964
1640,,79.72554,50.519203
1641,,76.57456,57.693573
1642,,79.732704,61.283554
1643,,77.52917,65.04903
1644,,80.832825,68.3612
1645,,70.55243,74.89231
1646,,77.627945,76.99068
1647,,85.41176,79.122284
1648,,82.037926,80.22519
1649,,80.41966,81.83008
1650,,79.399895,79.99906
1651,,77.50071,79.784676
1652,,72.43629,83.1188
1653,,75.53441,83.827484
1654,,80.31177,84.160446
1655,,77.05495,83.40931
1656,,76.6743,82.95867
1657,,78.08188,80.95191
1658,,79.59219,79.84224
1659,,78.90013,80.97365
1660,,79.68988,80.78055
1661,,81.12901,80.4549
1662,,80.195755,80.66177
1663,,80.9031,81.610725
1664,,81.94936,82.16037
1665,,76.97861,82.334404
1666,,78.40146,83.140305
1667,,76.28038,83.457344
1668,,74.77111,83.852715
1669,,76.66718,84.40013
1670,,76.92055,83.20786
1671,,75.62498,82.704575
1672,,80.90205,81.72424
1673,,75.46318,80.411285
1674,,77.844696,80.28043
1675,,78.95814,80.00778
1676,,80.371826,79.747856
1677,,81.29186,81.11774
1678,,80.878654,80.53563
1679,,82.816505,80.72572
1680,,91.42473,81.47709
1681,,91.057304,82.11071
1682,,94.113655,83.36854
1683,,91.89594,83.495255
1684,,92.591064,84.60915
1685,,92.617516,88.13665
1686,,92.84243,90.664635
1687,,89.58155,93.16917
1688,,89.522545,94.346985
1689,,88.39688,95.1091
1690,,88.615685,96.07044
1691,,92.839424,96.13135
1692,,89.50622,95.351234
1693,,89.51438,94.3752
1694,,93.04094,93.58975
1695,,92.19309,92.9677
1696,,92.626686,94.039185
1697,,89.66706,93.65397
1698,,90.27157,93.38901
1699,,89.2528,94.47695
1700,,82.63733,94.97313
1701,,80.639465,95.59519
1702,,82.12238,94.770164
1703,,83.73043,94.37509
1704,,88.35105,94.060715
1705,,101.01511,91.32292
1706,,101.24002,88.74686
1707,,98.96936,87.360756
1708,,98.814674,87.12364
1709,,97.72468,88.51838
1710,,97.301254,93.559906
1711,,101.49038,97.74019
1712,,101.78346,99.79194
1713,,102.535645,101.200035
1714,,99.96984,101.655815
1715,,101.90459,102.03512
1716,,99.63092,102.98686
1717,,101.41303,103.76371
1718,,98.02387,104.588936
1719,,98.9653,104.39928
1720,,101.53416,104.731705
1721,,99.29811,104.57729
1722,,99.91995,104.6095
1723,,101.313255,103.77538
1724,,104.131516,103.08236
1725,,118.83507,103.90288
1726,,123.44762,103.46964
1727,,136.37115,103.54871
1728,,139.33278,103.91226
1729,,137.47533,105.24361
1730,,137.22707,111.15655
1731,,132.50467,116.9563
1732,,134.95235,125.13672
1733,,134.55237,132.34778
1734,,135.66887,136.17422
1735,,135.45317,139.19548
1736,,133.12851,138.82297
1737,,135.99255,139.37575
1738,,136.33649,139.27824
1739,,133.80435,139.14551
1740,,132.54845,139.31468
1741,,131.87671,138.36363
1742,,123.93,138.98361
1743,,138.66315,139.49994
1744,,141.34492,138.98088
1745,,152.68385,138.16339
1746,,155.97223,137.24937
1747,,164.89293,134.22253
1748,,150.09967,136.59018
1749,,152.53423,139.75395
1750,,163.77843,145.26503
1751,,193.99677,151.0596
1752,,185.7499,157.11557
1753,,176.61856,157.88226
1754,,178.78633,157.43774
1755,,182.5277,161.77739
1756,,181.54344,173.93364
1757,,182.02994,181.00526
1758,,178.45357,180.71382
1759,,179.31866,182.40529
1760,,177.71768,184.40636
1761,,182.06049,186.17473
1762,,181.61372,185.73799
1763,,176.45462,184.41643
1764,,186.5132,184.0972
1765,,179.43773,183.5708
1766,,178.72733,184.2049
1767,,159.88039,184.89977
1768,,155.32388,183.30957
1769,,152.79576,185.699
1770,,143.72343,185.31075
1771,,151.46146,184.40146
1772,,148.1853,177.93687
1773,,154.21045,170.70502
1774,,152.11792,166.20044
1775,,142.85834,158.93372
1776,,147.0037,156.99934
1777,,145.33864,154.46336
1778,,142.25995,155.08493
1779,,144.54173,155.71869
1780,,141.23903,152.33273
1781,,138.9583,152.1564
1782,,142.11023,151.12006
1783,,140.86864,149.51347
1784,,134.43835,149.01048
1785,,136.21236,147.32756
1786,,134.27045,145.9193
1787,,137.74516,145.82501
1788,,136.81381,145.36206
1789,,135.68414,143.114
1790,,137.59851,141.81221
1791,,129.37709,140.50778
1792,,126.785835,140.78813
1793,,127.892166,140.8389
1794,,139.01625,140.07275
1795,,129.086,140.73499
1796,,125.70906,138.29494
1797,,127.57869,135.67982
1798,,127.92979,134.2173
1799,,128.50894,136.74329
1800,,126.70138,135.914
1801,,126.4622,133.1872
1802,,127.78732,132.66125
1803,,125.8149,132.25723
1804,,121.01306,132.74455
1805,,120.898094,131.55496
1806,,121.60544,130.96208
1807,,117.14256,131.31154
1808,,119.1801,130.812
1809,,124.0643,128.83565
1810,,130.98714,127.24457
1811,,136.40266,126.52892
1812,,134.25417,124.626144
1813,,145.08417,123.76638
1814,,153.90614,124.894966
1815,,143.23999,128.22
1816,,143.86389,132.60078
1817,,150.32874,134.7251
1818,,154.14934,139.87572
1819,,154.9453,146.79356
1820,,151.77188,147.86285
1821,,157.01338,148.28952
1822,,167.95023,150.53156
1823,,164.62117,153.64426
1824,,168.49983,156.0626
1825,,168.90898,155.77585
1826,,163.98,157.69118
1827,,159.76237,163.02779
1828,,156.6052,165.54858
1829,,159.6901,168.12584
1830,,155.14581,170.19044
1831,,152.54234,169.89589
1832,,158.89212,168.4642
1833,,152.88531,165.59521
1834,,151.0778,164.87035
1835,,152.73169,162.93988
1836,,156.56146,160.32185
1837,,152.11696,160.89816
1838,,156.78127,159.55276
1839,,163.84259,158.00482
1840,,163.7896,157.4438
1841,,163.32355,158.26274
1842,,162.79933,158.00243
1843,,163.6797,158.55367
1844,,157.44182,161.8524
1845,,154.66943,164.18542
1846,,149.24585,165.71666
1847,,153.46854,166.20639
1848,,153.81657,167.06561
1849,,156.4211,165.68533
1850,,156.02512,163.18127
1851,,154.44858,159.78802
1852,,157.3747,158.56358
1853,,155.20177,158.3321
1854,,157.19652,158.56041
1855,,161.67062,159.15277
1856,,161.07422,158.76782
1857,,159.60052,159.94722
1858,,158.28151,159.89397
1859,,161.12923,160.41069
1860,,164.24248,162.31671
1861,,160.80048,163.36096
1862,,161.97092,163.75517
1863,,158.01892,163.34578
1864,,157.46826,164.0584
1865,,159.13542,165.77126
1866,,159.94656,165.58678
1867,,161.75102,165.69632
1868,,156.5564,164.63824
1869,,163.09859,163.57921
1870,,165.99203,163.59024
1871,,162.18565,163.50294
1872,,162.61314,164.35492
1873,,158.20006,163.10196
1874,,157.34415,164.30945
1875,,158.74356,166.60031
1876,,155.95694,166.61003
1877,,152.48027,166.85274
1878,,154.60536,165.2652
1879,,159.8081,164.11607
1880,,158.04433,163.75887
1881,,159.19653,162.2473
1882,,155.00735,160.2624
1883,,156.1289,159.3959
1884,,154.5392,160.79732
1885,,155.77983,161.41826
1886,,155.0257,161.95265
1887,,157.4235,161.107
1888,,156.81487,160.80403
1889,,157.8418,160.41518
1890,,158.29878,159.97197
1891,,163.28076,159.80318
1892,,161.38159,160.10138
1893,,159.81631,160.57164
1894,,158.28246,160.95634
1895,,175.39618,161.64178
1896,,192.61778,163.54988
1897,,191.32826,164.58919
1898,,195.06647,164.39243
1899,,201.11511,163.9286
1900,,196.69896,168.98735
1901,,200.51863,178.98537
1902,,198.62048,185.19353
1903,,199.51718,190.5571
1904,,197.38397,196.29547
1905,,200.31505,199.10854
1906,,200.94106,201.81163
1907,,197.45004,202.38913
1908,,207.55037,202.82301
1909,,218.8384,202.77669
1910,,217.26282,202.94318
1911,,217.11014,203.89421
1912,,226.88885,202.99382
1913,,226.22523,205.77061
1914,,227.26038,211.61836
1915,,218.14938,215.33263
1916,,222.93181,217.60587
1917,,222.75677,222.15413
1918,,230.34319,225.5978
1919,,226.6405,227.89667
1920,,226.207,226.19322
1921,,229.14629,225.96092
1922,,220.7457,226.63383
1923,,207.17989,228.62015
1924,,209.16241,229.52844
1925,,214.74901,229.08907
1926,,209.87492,230.64601
1927,,210.51,228.57832
1928,,223.27068,222.79436
1929,,227.32541,218.79234
1930,,221.30647,218.24872
1931,,223.87022,216.53021
1932,,236.88423,215.17308
1933,,233.25908,218.52443
1934,,223.05193,223.07481
1935,,225.60956,224.25146
1936,,227.61348,225.33058
1937,,222.34457,230.5235
1938,,223.73273,233.48611
1939,,229.40076,231.42998
1940,,231.00565,230.37555
1941,,233.70786,230.64297
1942,,229.94922,229.36499
1943,,223.41324,228.2552
1944,,213.61217,229.30598
1945,,212.40706,231.13268
1946,,211.53693,233.2601
1947,,212.42139,233.34769
1948,,217.02373,231.26219
1949,,218.8364,226.72562
1950,,215.01053,222.69032
1951,,214.2584,219.90114
1952,,211.81984,217.97487
1953,,212.90176,218.40573
1954,,219.69221,219.40602
1955,,219.60677,219.2755
1956,,217.00635,218.84908
1957,,215.58563,217.84593
1958,,218.81596,217.43268
1959,,212.51811,219.39001
1960,,214.64206,220.65
1961,,215.28944,220.71542
1962,,217.48883,220.27448
1963,,221.57716,221.00557
1964,,216.65935,219.78716
1965,,219.85616,218.99817
1966,,219.87144,218.96704
1967,,216.14842,219.45236
1968,,220.91461,221.59471
1969,,223.01936,221.10397
1970,,226.64156,221.9163
1971,,228.17026,222.69572
1972,,238.64915,221.74452
1973,,234.89453,222.75291
1974,,241.80423,223.9294
1975,,240.21233,226.11026
1976,,243.56287,228.2173
1977,,240.43318,232.73036
1978,,237.65984,235.32413
1979,,229.00478,238.59337
1980,,233.15518,240.9097
1981,,225.94739,242.75159
1982,,232.5354,243.75882
1983,,235.26807,242.44688
1984,,236.30426,239.34653
1985,,239.31677,237.75401
1986,,236.0558,235.02975
1987,,235.92662,234.47963
1988,,239.6252,235.86192
1989,,242.2195,236.55896
1990,,238.44348,238.89175
1991,,246.22629,238.91534
1992,,242.56953,239.2057
1993,,240.2215,240.49983
1994,,240.68163,242.09282
1995,,232.9456,242.1057
1996,,233.91544,244.19429
1997,,235.07576,244.96597
1998,,232.18326,244.33058
1999,,234.65038,244.27979
2000,,236.22577,241.29298
2001,,236.72353,239.78401
2002,,235.90121,238.97838
2003,,238.81396,237.4203
2004,,240.21854,237.38525
2005,,239.6271,237.74155
2006,,237.88881,238.43765
2007,,236.64513,238.75502
2008,,237.8806,239.6544
2009,,235.67921,241.04692
2010,,237.94371,241.66914
2011,,238.66023,241.50305
2012,,240.21233,240.83684
2013,,243.02032,240.87671
2014,,240.06175,240.17583
2015,,246.93059,240.23242
2016,,262.58682,240.68645
2017,,264.96838,241.3977
2018,,264.43405,243.03622
2019,,263.08755,243.07257
2020,,260.8363,245.28694
2021,,255.86961,252.0609
2022,,256.90265,257.65033
2023,,258.53104,261.11856
2024,,254.56998,262.86053
2025,,251.92688,263.25195
2026,,215.42981,262.05414
2027,,210.96297,260.79697
2028,,211.1166,260.51605
2029,,210.1101,259.03802
2030,,211.40152,257.15317
2031,,212.36028,244.27467
2032,,213.20197,232.89417
2033,,212.79282,226.20348
2034,,212.97806,220.4648
2035,,212.55267,217.97806
2036,,220.64897,215.53505
2037,,211.95934,215.79282
2038,,218.49226,216.1319
2039,,215.08893,216.31857
2040,,212.24731,216.4202
2041,,213.33937,219.01927
2042,,214.05894,218.30511
2043,,211.21935,219.27063
2044,,214.86597,219.57556
2045,,215.96222,218.06918
2046,,214.05293,218.13072
2047,,211.58876,217.51997
2048,,213.11652,216.90831
2049,,213.14392,217.18332
2050,,208.99762,218.00117
2051,,205.6003,217.97032
2052,,208.41956,217.18584
2053,,213.35255,216.88235
2054,,215.25383,217.02795
2055,,214.26758,215.59752
2056,,211.5013,213.34334
2057,,213.56424,212.67447
2058,,214.28696,214.116
2059,,214.28075,215.78072
2060,,215.85634,216.51892
2061,,213.23663,216.14255
2062,,211.2224,216.65874
2063,,210.41231,217.3751
2064,,212.1313,217.61148
2065,,213.27931,218.25258
2066,,214.0702,217.80383
2067,,214.2584,216.89731
2068,,212.55563,215.98158
2069,,211.52881,215.80083
2070,,210.58838,216.23091
2071,,212.40916,216.62952
2072,,210.45909,217.076
2073,,213.43103,216.86005
2074,,213.23863,216.40222
2075,,213.0239,215.7377
2076,,213.44421,215.79633
2077,,212.83359,215.29811
2078,,211.90634,215.72151
2079,,211.26317,216.2387
2080,,212.10172,216.34013
2081,,209.84438,216.78625
2082,,199.16197,216.656
2083,,220.44128,216.44583
2084,,220.25606,215.93532
2085,,219.21088,215.83781
2086,,220.65909,215.11768
2087,,221.73701,211.02837
2088,,219.54068,214.81668
2089,,218.40175,218.42973
2090,,218.2969,219.76753
2091,,220.5573,221.7858
2092,,218.3518,222.67198
2093,,222.0097,223.89108
2094,,220.84433,223.2205
2095,,214.2584,222.70682
2096,,215.29756,223.14198
2097,,213.18669,222.82422
2098,,212.47734,223.52483
2099,,212.85594,223.95752
2100,,210.93852,221.90756
2101,,212.22794,220.87204
2102,,211.88295,219.3976
2103,,213.95114,218.18619
2104,,214.86913,217.50824
2105,,212.86005,216.19081
2106,,213.17447,216.04561
2107,,213.50322,215.83914
2108,,212.14458,216.33899
2109,,211.61531,217.2024
2110,,214.35303,216.97354
2111,,212.33594,217.01892
2112,,205.73463,217.11174
2113,,206.04305,216.76282
2114,,204.84511,216.28818
2115,,204.09308,216.74539
2116,,201.67073,216.59996
2117,,198.99918,214.23024
2118,,204.35767,212.5344
2119,,196.44756,211.1286
2120,,188.46938,209.91286
2121,,189.32329,208.28757
2122,,187.5025,206.05302
2123,,186.42975,206.61029
2124,,180.2397,204.61485
2125,,181.18117,200.24078
2126,,180.70079,197.6128
2127,,179.59958,195.18524
2128,,178.33861,193.48517
2129,,178.90445,189.96988
2130,,183.20543,187.70366
2131,,183.82321,186.70946
2132,,187.08514,185.39444
2133,,188.18025,184.30965
2134,,186.1112,183.50624
2135,,188.52438,184.78201
2136,,183.3775,185.93398
2137,,176.90654,187.71031
2138,,179.07747,189.47618
2139,,176.94215,189.93028
2140,,178.32123,191.11525
2141,,181.17706,190.12569
2142,,179.87132,187.09267
2143,,179.31961,185.62227
2144,,171.67926,183.86769
2145,,170.24834,183.18198
2146,,187.12383,183.65575
2147,,190.01126,183.52457
2148,,192.77046,183.65013
2149,,193.5266,181.07973
2150,,197.80429,178.6449
2151,,193.57549,182.73189
2152,,194.55554,186.78802
2153,,195.64462,190.294
2154,,198.13504,193.10109
2155,,195.50417,196.28688
2156,,197.61905,197.94563
2157,,193.19383,198.26245
2158,,190.55782,199.03201
2159,,177.4317,200.04213
2160,,175.15698,200.21185
2161,,179.02553,200.44322
2162,,176.42511,199.60968
2163,,178.5543,197.81049
2164,,178.24083,192.51514
2165,,179.71358,187.33896
2166,,177.57828,185.6601
2167,,182.67522,183.36278
2168,,180.09724,182.72475
2169,,178.64894,182.10492
2170,,178.20016,182.53514
2171,,175.42673,182.60007
2172,,178.21028,183.80133
2173,,177.75024,184.30667
2174,,180.26414,183.70972
2175,,181.4132,183.43188
2176,,180.46771,181.99167
2177,,180.46867,182.18929
2178,,182.19989,182.01227
2179,,182.91135,182.64214
2180,,184.46649,183.75958
2181,,181.77957,184.00381
2182,,181.13028,184.4342
2183,,177.82051,185.10712
2184,,179.6138,185.937
2185,,177.25153,186.9245
2186,,181.48643,186.69868
2187,,181.45387,186.20146
2188,,183.0244,184.92313
2189,,182.24162,184.35909
2190,,184.78197,183.45671
2191,,187.3864,183.82918
2192,,187.03836,184.55856
2193,,190.78267,185.23721
2194,,193.39426,185.921
2195,,191.57959,186.82626
2196,,191.46051,188.74948
2197,,191.28444,189.6793
2198,,190.83156,191.58896
2199,,197.36554,193.76776
2200,,204.14587,194.7085
2201,,203.921,195.22777
2202,,202.39136,195.37466
2203,,202.75774,195.3754
2204,,206.3993,197.44598
2205,,203.68288,201.11734
2206,,207.69186,203.69171
2207,,212.40295,204.89417
2208,,211.71404,205.73802
2209,,210.64233,207.63208
2210,,212.65141,208.06526
2211,,209.6704,209.13687
2212,,211.37613,211.65578
2213,,213.23558,213.12871
2214,,213.1104,213.90585
2215,,205.99321,214.76457
2216,,209.88208,214.63474
2217,,210.38681,214.89378
2218,,219.42868,215.63858
2219,,221.2718,215.99037
2220,,220.367,214.12578
2221,,223.52313,213.61952
2222,,224.88588,213.96739
2223,,225.53326,216.85092
2224,,224.17558,219.93803
2225,,235.73517,221.16823
2226,,239.81549,223.63266
2227,,247.35806,225.494
2228,,243.98213,227.16077
2229,,237.89291,227.55505
2230,,238.6379,231.2779
2231,,255.38417,235.73804
2232,,261.90698,240.81473
2233,,259.7605,243.59926
2234,,258.42734,242.84256
2235,,253.74042,242.97978
2236,,253.96843,247.9127
2237,,249.58696,253.98108
2238,,253.26013,256.84482
2239,,248.48373,258.37714
2240,,245.76425,257.90668
2241,,250.14583,257.83264
2242,,256.58508,256.04068
2243,,252.68092,255.36246
2244,,256.52606,253.87093
2245,,251.27034,251.48497
2246,,250.1905,251.74542
2247,,244.28242,253.83118
2248,,245.77953,254.53346
2249,,246.52344,255.71198
2250,,247.95963,255.26358
2251,,254.28802,254.29358
2252,,253.09619,252.12045
2253,,264.43405,250.24832
2254,,290.08167,249.9127
2255,,282.14923,249.6478
2256,,283.51913,251.92899
2257,,282.50443,253.10841
2258,,284.3568,257.59348
2259,,282.2022,269.24597
2260,,284.5349,275.0178
2261,,283.57108,278.63757
2262,,286.17963,280.99088
2263,,287.3215,282.53592
2264,,281.06223,283.63266
2265,,288.46646,283.50983
2266,,277.89713,283.74985
2267,,277.382,284.40973
2268,,279.89905,285.56256
2269,,281.18036,284.11887
2270,,276.56683,285.4182
2271,,284.46262,283.32312
2272,,283.38794,281.05438
2273,,285.58524,280.904
2274,,287.5078,280.59128
2275,,287.94446,279.74286
2276,,285.35416,280.8014
2277,,283.18942,282.03372
2278,,278.8028,283.21262
2279,,275.05344,284.97406
2280,,276.48035,285.83008
2281,,272.45102,286.10083
2282,,274.9017,285.10114
2283,,280.7183,283.13916
2284,,279.8899,280.44827
2285,,280.84653,279.02765
2286,,286.00754,276.84866
2287,,285.14658,276.0242
2288,,283.46625,277.59607
2289,,281.89276,278.47888
2290,,282.7569,279.54385
2291,,285.3765,281.79282
2292,,286.65894,283.27206
2293,,284.3935,283.68
2294,,287.62582,283.23907
2295,,283.95685,283.09485
2296,,296.4916,284.0092
2297,,297.90018,284.85837
2298,,300.1566,284.74414
2299,,305.64224,285.59418
2300,,304.81476,285.2757
2301,,305.86826,288.64847
2302,,300.2593,292.0238
2303,,295.59082,294.3292
2304,,298.1535,298.19788
2305,,292.83066,300.081
2306,,293.16046,302.0113
2307,,289.5667,301.24408
2308,,281.9447,298.88065
2309,,285.18112,298.20258
2310,,285.09778,295.95303
2311,,285.7023,294.38116
2312,,284.00772,292.37704
2313,,282.0231,288.41608
2314,,282.0627,287.011
2315,,276.30933,286.0302
2316,,275.32413,285.62195
2317,,274.61783,285.01987
2318,,280.90143,283.71942
2319,,276.18616,283.2853
2320,,275.834,281.07352
2321,,278.79575,279.07968
2322,,278.10977,277.63614
2323,,280.47913,278.4945
2324,,284.9216,278.11203
2325,,288.7149,277.17963
2326,,282.73856,277.99606
2327,,286.68643,278.18155
2328,,292.15796,279.2974
2329,,292.616,281.1895
2330,,291.06793,283.82788
2331,,289.068,283.94263
2332,,286.94797,284.77017
2333,,289.16885,287.42456
2334,,291.66937,289.2275
2335,,288.33728,290.00723
2336,,288.64767,289.4915
2337,,287.37546,288.69138
2338,,283.24033,288.7795
2339,,280.27966,289.54565
2340,,283.1456,289.00186
2341,,282.4821,288.6379
2342,,281.84598,288.12582
2343,,287.93118,286.45624
2344,,286.6326,284.39023
2345,,287.7612,283.64435
2346,,284.82602,283.2393
2347,,287.10983,282.65277
2348,,285.44678,284.21326
2349,,286.8148,285.09912
2350,,287.75815,286.0272
2351,,280.41602,285.84244
2352,,281.2363,286.06937
2353,,274.8275,286.18192
2354,,274.70337,286.13733
2355,,281.85925,286.73853
2356,,279.36664,284.61392
2357,,285.50787,283.40424
2358,,285.97205,280.69418
2359,,284.96945,278.472
2360,,286.1735,279.605
2361,,291.88623,279.41916
2362,,291.9605,281.4156
2363,,291.9371,283.14258
2364,,292.57016,283.81848
2365,,293.88202,285.04962
2366,,294.99338,287.15854
2367,,293.55737,289.05276
2368,,294.09583,289.9485
2369,,293.8952,290.78516
2370,,292.79608,291.68823
2371,,294.5619,292.79776
2372,,293.91058,292.87875
2373,,287.84363,293.01465
2374,,282.89523,293.1184
2375,,289.28983,292.7744
2376,,300.14435,293.08545
2377,,287.01614,293.08435
2378,,287.02838,291.19473
2379,,287.5373,288.22748
2380,,288.1652,288.10544
2381,,288.65274,291.75928
2382,,284.66113,290.36334
2383,,284.49527,288.69662
2384,,281.43176,288.30563
2385,,279.83087,288.04724
2386,,282.50653,288.50717
2387,,283.33496,286.70312
2388,,279.9194,285.82736
2389,,283.69522,284.41907
2390,,275.54602,282.7527
2391,,274.50687,282.59848
2392,,278.34076,282.6877
2393,,280.23993,281.85876
2394,,280.89038,282.32767
2395,,280.0313,280.38882
2396,,276.95566,278.37738
2397,,277.03702,278.53067
2398,,278.69196,278.95547
2399,,282.14722,279.89233
2400,,276.3714,279.90393
2401,,277.75668,279.15253
2402,,276.47928,278.71103
2403,,275.0371,278.8846
2404,,275.66205,280.0308
2405,,274.93845,279.12637
2406,,275.2824,278.58368
2407,,271.45663,278.22568
2408,,264.19193,277.2568
2409,,266.1165,277.03082
2410,,266.19785,276.30554
2411,,260.82822,276.1824
2412,,262.8575,274.89627
2413,,262.60114,271.5728
2414,,268.75958,269.88287
2415,,270.23538,268.9194
2416,,269.6797,266.51938
2417,,265.7673,265.43518
2418,,265.42947,264.7367
2419,,266.7068,266.39606
2420,,262.85046,268.3495
2421,,266.82584,269.10098
2422,,265.59134,268.77515
2423,,268.81964,268.06412
2424,,265.569,268.2615
2425,,268.29037,266.9446
2426,,271.4048,267.13467
2427,,270.33707,267.08243
2428,,274.30835,267.92465
2429,,274.12225,267.90454
2430,,274.19644,268.178
2431,,273.4382,269.9699
2432,,274.3054,270.48553
2433,,287.13626,272.2616
2434,,291.0282,273.32422
2435,,293.825,274.04977
2436,,292.82864,274.4184
2437,,294.50897,274.60754
2438,,298.10977,278.98053
2439,,306.87476,283.4019
2440,,306.51755,287.0336
2441,,318.58215,289.38858
2442,,316.73175,291.12384
2443,,317.8432,293.81638
2444,,319.25073,297.87238
2445,,313.0119,300.69928
2446,,312.3117,305.8641
2447,,304.89926,309.41602
2448,,312.9631,311.4366
2449,,307.83255,313.72015
2450,,312.41245,312.6166
2451,,313.79657,311.84076
2452,,313.3498,308.7146
2453,,314.6057,308.71472
2454,,313.23074,307.88177
2455,,312.7005,307.85803
2456,,313.8149,309.23923
2457,,315.75476,309.37897
2458,,319.5744,310.59314
2459,,332.40833,310.46777
2460,,326.39236,310.4226
2461,,332.8277,310.6539
2462,,328.69046,311.31784
2463,,327.66153,313.04123
2464,,327.22183,318.09726
2465,,325.70334,320.08707
2466,,323.37372,322.7801
2467,,327.0234,323.96875
2468,,323.8928,323.60278
2469,,317.01678,323.87448
2470,,326.17456,322.66577
2471,,326.89108,321.63632
2472,,329.32764,321.64948
2473,,328.78815,321.04562
2474,,327.60358,318.36282
2475,,327.80505,319.26984
2476,,324.06274,320.47623
2477,,327.3114,321.88306
2478,,328.3791,322.91348
2479,,325.9415,322.8088
2480,,329.8782,323.3357
2481,,330.65887,322.19977
2482,,330.5397,322.29303
2483,,324.19098,322.8511
2484,,326.63766,322.32874
2485,,330.93875,323.26416
2486,,328.6691,324.1625
2487,,327.89767,324.7815
2488,,327.23004,323.33994
2489,,328.35266,322.65152
2490,,326.6133,323.95538
2491,,323.159,323.97098
2492,,325.54562,323.73782
2493,,330.03488,323.26813
2494,,331.14023,323.4218
2495,,328.0941,323.15305
2496,,328.436,321.6149
2497,,322.96762,321.33078
2498,,322.07095,322.6232
2499,,326.32315,323.94745
2500,,326.5288,323.8853
2501,,325.8774,323.78772
2502,,325.36343,322.29135
2503,,330.93167,320.73807
2504,,330.32202,321.06973
2505,,331.0934,321.28137
2506,,333.1829,321.37112
2507,,331.77844,321.19446
2508,,331.36728,322.8042
2509,,336.22302,324.06674
2510,,333.99002,324.78912
2511,,338.28693,326.0579
2512,,337.7017,326.37125
2513,,335.72525,326.5528
2514,,337.8371,327.94302
2515,,337.5704,328.359
2516,,342.9199,329.7344
2517,,342.2227,330.71863
2518,,341.1734,330.47357
2519,,345.7533,331.1952
2520,,345.7298,331.35596
2521,,349.42734,333.1462
2522,,356.74515,334.27933
2523,,360.19327,334.42294
2524,,361.56223,336.11096
2525,,361.54282,337.17737
2526,,364.9686,338.9825
2527,,361.51437,342.393
2528,,358.9028,345.68817
2529,,364.37833,348.41254
2530,,362.00192,350.04453
2531,,364.0618,352.03058
2532,,361.83395,352.47095
2533,,360.2177,351.56293
2534,,361.2243,352.5461
2535,,362.25018,352.58087
2536,,360.9434,353.06885
2537,,359.07275,352.8953
2538,,358.2514,351.99493
2539,,356.72278,352.0464
2540,,358.7674,352.10678
2541,,363.36868,351.94315
2542,,368.8534,351.1512
2543,,370.8025,350.38287
2544,,365.10095,349.47998
2545,,363.2689,349.42984
2546,,359.48087,350.82538
2547,,356.4306,353.43765
2548,,334.16095,355.92847
2549,,347.6565,355.86313
2550,,348.76382,355.0983
2551,,340.96982,353.53906
2552,,333.33463,351.33817
2553,,334.36453,343.40884
2554,,331.1362,341.02176
2555,,333.5829,341.18024
2556,,331.91583,338.17416
2557,,338.68698,334.6002
2558,,336.89877,331.56763
2559,,333.2633,329.86597
2560,,334.96503,328.88864
2561,,334.78696,327.92554
2562,,333.02927,329.11902
2563,,335.97562,330.1678
2564,,337.12573,329.26083
2565,,335.05048,329.47012
2566,,335.88196,329.35608
2567,,327.43552,328.9257
2568,,330.61,329.29288
2569,,325.86826,329.95755
2570,,322.99915,329.88614
2571,,324.41995,330.0181
2572,,325.6667,327.59122
2573,,327.54657,326.62823
2574,,324.98685,324.9698
2575,,330.17545,322.39932
2576,,328.09103,321.5713
2577,,328.96432,321.05405
2578,,330.89395,321.76892
2579,,336.2046,321.3711
2580,,338.42535,322.58142
2581,,336.2677,323.2066
2582,,372.69653,323.5058
2583,,378.4122,324.58316
2584,,382.55353,326.58368
2585,,376.77673,329.05048
2586,,381.27225,329.7313
2587,,379.38727,340.9579
2588,,375.2043,351.4259
2589,,374.93762,358.51733
2590,,378.52325,362.2345
2591,,386.3814,364.52576
2592,,384.0557,366.75153
2593,,381.68033,365.5199
2594,,381.65073,364.71487
2595,,382.19327,364.87134
2596,,387.78683,367.61838
2597,,386.84344,368.88846
2598,,391.41934,368.75858
2599,,381.98254,368.83847
2600,,378.49258,368.9316
2601,,383.81354,370.69174
2602,,387.2821,371.54886
2603,,386.67444,373.22055
2604,,391.75714,372.04745
2605,,389.99738,369.6064
2606,,386.30194,369.9058
2607,,388.50745,370.85907
2608,,388.34256,371.62717
2609,,387.76953,373.2806
2610,,384.53006,374.22067
2611,,391.32968,373.6928
2612,,390.57755,373.9228
2613,,387.20474,373.91852
2614,,386.64493,373.79184
2615,,391.57602,372.73547
2616,,394.50815,373.7426
2617,,394.48877,374.72052
2618,,393.0436,374.04782
2619,,392.57852,373.57388
2620,,396.5956,374.456
2621,,400.0,376.28098
2622,,387.78787,377.29355
2623,,378.10492,377.5287
2624,,369.02133,377.5064
2625,,367.67386,378.6896
2626,,365.14365,380.47522
2627,,372.1052,378.18774
2628,,372.1266,373.45053
2629,,376.31357,367.74887
2630,,377.49213,363.28003
2631,,367.84384,359.9309
2632,,369.46716,359.30383
2633,,370.59683,359.63925
2634,,376.64746,360.9149
2635,,374.47147,362.7508
2636,,368.80362,360.89282
2637,,372.52045,360.06873
2638,,374.4206,359.8853
2639,,374.8328,361.34683
2640,,374.84805,362.10352
2641,,377.52173,360.401
2642,,376.50394,360.64575
2643,,373.02118,361.42163
2644,,366.75684,362.06503
2645,,370.87973,362.44608
2646,,361.60803,363.3093
2647,,364.8944,363.92407
2648,,371.91077,363.1275
2649,,376.41534,360.7151
2650,,378.22705,360.0474
2651,,376.9701,357.3285
2652,,376.62912,355.8271
2653,,375.0293,357.48862
2654,,377.3152,359.68054
2655,,380.0529,362.25967
2656,,380.85794,363.2178
2657,,388.4474,363.92505
2658,,387.55585,363.9363
2659,,388.39755,364.34613
2660,,386.87802,365.46338
2661,,388.65097,366.3494
2662,,388.1981,369.16202
2663,,386.07498,370.9946
2664,,377.55228,372.20807
2665,,375.8475,372.77383
2666,,379.10025,373.25058
2667,,378.96793,373.75522
2668,,374.55798,373.10062
2669,,376.32788,370.3291
2670,,374.67303,367.6237
2671,,376.7442,367.01566
2672,,378.7552,366.5656
2673,,376.57516,365.08423
2674,,374.55597,364.4174
2675,,375.53708,363.84705
2676,,374.31165,363.9844
2677,,375.23688,364.84042
2678,,348.78424,364.60388
2679,,341.21103,364.00616
2680,,335.17365,363.76447
2681,,342.06693,363.35574
2682,,339.52667,363.27414
2683,,339.50012,355.6855
2684,,343.1143,347.34555
2685,,343.0022,340.7055
2686,,340.94748,337.59433
2687,,343.77066,335.92047
2688,,343.52545,333.7904
2689,,355.34372,334.6001
2690,,350.84814,335.09305
2691,,353.04855,335.18585
2692,,347.52213,335.76184
2693,,348.82187,336.22955
2694,,348.31705,339.97546
2695,,350.65076,341.6008
2696,,348.12463,342.63135
2697,,344.61847,342.34842
2698,,342.55447,341.69467
2699,,342.62372,341.85458
2700,,346.4362,341.84924
2701,,340.5219,341.62784
2702,,337.32623,340.00052
2703,,324.38632,338.55634
2704,,327.6686,337.45844
2705,,331.60635,337.99585
2706,,326.36896,336.66525
2707,,328.1887,334.54187
2708,,327.3155,329.5171
2709,,338.61575,326.55667
2710,,342.28168,326.4983
2711,,338.0163,324.44006
2712,,336.3635,323.86755
2713,,336.3543,323.19632
2714,,332.25775,326.37943
2715,,325.9518,330.24252
2716,,327.88028,330.9576
2717,,328.55508,331.1891
2718,,326.15012,331.0631
2719,,331.05887,329.9667
2720,,330.82367,326.97992
2721,,323.36255,325.22888
2722,,314.11215,324.55515
2723,,316.11703,323.3957
2724,,304.39255,324.08328
2725,,311.4557,324.6702
2726,,315.99796,322.89072
2727,,319.17032,318.78015
2728,,316.42545,316.25317
2729,,318.02127,311.483
2730,,318.87833,309.70248
2731,,314.08264,310.63324
2732,,314.50897,311.8576
2733,,313.47192,312.7665
2734,,320.32452,313.10632
2735,,318.22885,314.3554
2736,,322.79462,313.4264
2737,,322.15945,312.75455
2738,,323.044,311.92374
2739,,330.87762,313.4039
2740,,330.28333,314.17853
2741,,328.19376,315.55804
2742,,331.5637,316.92154
2743,,327.39285,317.62683
2744,,321.72595,320.91342
2745,,324.61234,322.72498
2746,,323.1162,323.28802
2747,,318.8345,324.5651
2748,,314.5721,324.17117
2749,,322.22668,322.11258
2750,,337.2194,321.333
2751,,345.65152,320.42245
2752,,347.65848,318.55777
2753,,350.67932,315.89078
2754,,358.27173,316.24698
2755,,368.1868,321.67288
2756,,366.76096,328.02124
2757,,370.59787,332.91656
2758,,369.99338,337.01498
2759,,363.76456,342.12494
2760,,365.2394,348.51645
2761,,369.291,352.16116
2762,,367.44174,355.14536
2763,,364.18488,357.13776
2764,,365.34518,356.28323
2765,,359.70172,356.0473
2766,,358.75623,356.81168
2767,,368.53284,356.92502
2768,,365.20578,355.9365
2769,,364.86282,355.4515
2770,,373.59625,353.73895
2771,,363.6913,352.11285
2772,,364.874,353.93353
2773,,365.23022,354.4098
2774,,364.1443,354.47476
2775,,370.58566,357.1841
2776,,368.27942,356.27795
2777,,372.27106,355.7342
2778,,366.83514,355.6222
2779,,367.3349,354.83676
2780,,312.70557,356.67526
2781,,320.61453,356.9373
2782,,310.00128,358.29297
2783,,312.95898,357.9999
2784,,310.43698,357.3301
2785,,307.55365,341.63904
2786,,307.95352,330.74103
2787,,307.92105,322.67007
2788,,307.27274,315.89322
2789,,312.5671,313.05557
2790,,310.70557,307.92084
2791,,308.11957,307.35236
2792,,310.5356,306.27686
2793,,311.28574,305.87384
2794,,306.66718,307.0852
2795,,306.58475,307.55923
2796,,309.3032,306.96524
2797,,310.09705,307.38242
2798,,308.1785,307.84573
2799,,314.1619,306.89334
2800,,300.47818,305.88766
2801,,303.19144,306.12253
2802,,305.70535,306.68094
2803,,308.4024,306.4792
2804,,312.12234,307.9522
2805,,312.45206,305.1985
2806,,311.73557,303.47235
2807,,310.55096,303.72827
2808,,315.9379,304.14835
2809,,316.6616,306.3217
2810,,321.7585,307.24893
2811,,321.03293,308.16873
2812,,319.1897,308.35812
2813,,319.19067,309.971
2814,,320.1372,311.49533
2815,,314.81024,313.76685
2816,,318.89447,315.36444
2817,,319.24365,315.5329
2818,,321.1713,315.8995
2819,,326.1441,316.12866
2820,,324.83224,314.8202
2821,,318.581,314.76993
2822,,323.75433,315.16486
2823,,325.31863,315.81586
2824,,322.25113,318.09106
2825,,321.6343,319.0391
2826,,319.33627,317.9471
2827,,321.98044,318.47565
2828,,318.23813,319.56305
2829,,317.6468,319.23618
2830,,320.22064,318.73648
2831,,320.03647,317.53125
2832,,317.0646,317.7301
2833,,316.23315,316.83862
2834,,317.96838,315.64752
2835,,313.6246,315.95114
2836,,312.64648,316.00903
2837,,312.59253,315.33246
2838,,311.42828,314.3793
2839,,315.51968,314.3741
2840,,313.6338,313.1945
2841,,314.73288,311.8478
2842,,315.37207,311.01053
2843,,317.78723,310.06815
2844,,317.32214,310.82455
2845,,316.07025,310.78427
2846,,315.42087,311.00412
2847,,315.98984,311.6129
2848,,317.3018,312.54092
2849,,318.57593,313.3465
2850,,319.437,313.17487
2851,,320.581,312.97382
2852,,320.2624,312.91818
2853,,318.3358,313.35287
2854,,317.37094,313.97433
2855,,320.3673,314.6705
2856,,318.27374,315.51617
2857,,320.61453,316.0347
2858,,332.67407,315.7509
2859,,337.37305,315.19263
2860,,340.50168,315.67917
2861,,343.30557,315.48834
2862,,342.54932,315.86957
2863,,341.97748,319.9582
2864,,342.5962,324.395
2865,,338.76224,328.31622
2866,,336.6443,331.75552
2867,,337.34354,333.7137
2868,,340.8457,334.9086
2869,,342.75595,335.54367
2870,,339.48685,334.69257
2871,,340.86804,333.30576
2872,,341.3189,332.5335
2873,,341.35147,333.0551
2874,,340.9708,334.18668
2875,,339.63754,333.88617
2876,,338.84167,334.04495
2877,,343.27606,334.4771
2878,,347.60663,334.69025
2879,,347.95163,334.76077
2880,,342.186,334.20538
2881,,326.199,333.70663
2882,,328.64062,334.64713
2883,,327.4316,336.71344
2884,,327.4509,338.22623
2885,,324.37012,337.51135
2886,,326.01587,332.07642
2887,,327.82242,328.76172
2888,,321.88474,326.60855
2889,,326.83005,324.7102
2890,,332.97943,322.9126
2891,,331.04663,321.72968
2892,,325.95782,322.36102
2893,,325.15585,320.82553
2894,,321.85822,321.1667
2895,,315.5767,323.51553
2896,,310.29852,324.5647
2897,,307.9729,323.75357
2898,,309.7235,322.58426
2899,,309.16675,321.0917
2900,,311.17078,318.04486
2901,,313.61438,314.11633
2902,,315.78836,310.64163
2903,,311.6583,309.04675
2904,,308.81766,307.94928
2905,,310.9458,307.7869
2906,,307.66965,308.71478
2907,,307.00098,310.1018
2908,,306.78317,309.99506
2909,,304.0088,308.74142
2910,,301.27707,308.62714
2911,,305.14456,307.56625
2912,,307.6941,306.48468
2913,,306.3659,305.68976
2914,,314.25555,304.26596
2915,,311.70718,302.64264
2916,,307.2545,302.5384
2917,,290.09494,303.53903
2918,,288.92038,303.8231
2919,,281.1732,306.37408
2920,,282.99808,307.62775
2921,,287.85583,306.88632
2922,,284.084,301.22128
2923,,282.41486,296.08163
2924,,288.15918,291.0265
2925,,289.18298,287.23657
2926,,280.4537,286.9422
2927,,279.63742,285.19577
2928,,268.6028,284.17267
2929,,268.80954,285.17
2930,,264.41373,286.59637
2931,,265.53128,284.86798
2932,,269.18402,282.92743
2933,,270.83685,278.3993
2934,,262.27545,275.03644
2935,,266.9979,271.77496
2936,,261.37265,269.16522
2937,,266.58054,269.42346
2938,,263.89066,269.77426
2939,,276.7012,267.93765
2940,,256.73987,267.6836
2941,,251.51564,266.3679
2942,,246.92142,266.5734
2943,,222.56639,266.50488
2944,,221.22807,269.56778
2945,,231.87283,266.7949
2946,,231.68855,261.47003
2947,,228.1946,257.66257
2948,,222.96637,246.18524
2949,,227.45268,238.22215
2950,,226.9154,235.58313
2951,,212.3684,234.53181
2952,,216.59929,233.12958
2953,,217.1744,229.97223
2954,,221.68907,230.0067
2955,,219.66376,230.58311
2956,,224.2976,225.59238
2957,,229.57378,223.147
2958,,230.93547,222.1112
2959,,227.0802,222.86551
2960,,222.96436,223.16072
2961,,229.71623,224.00143
2962,,229.90042,227.49117
2963,,226.61005,229.98666
2964,,230.85106,230.63591
2965,,235.09906,229.24918
2966,,234.02647,230.58662
2967,,243.45601,231.78032
2968,,241.22914,231.14076
2969,,237.50516,232.00063
2970,,240.84338,234.05544
2971,,237.16618,235.5086
2972,,224.69768,239.20859
2973,,227.28273,241.24518
2974,,230.69533,241.21675
2975,,234.96786,242.38928
2976,,238.96768,241.68016
2977,,236.06593,237.35176
2978,,232.59947,234.51843
2979,,231.67633,233.9582
2980,,227.94223,235.12411
2981,,227.89745,237.38268
2982,,220.8321,237.73093
2983,,219.16714,237.3221
2984,,208.36255,236.67235
2985,,207.50864,234.9153
2986,,205.9911,233.53789
2987,,199.50189,230.22939
2988,,213.80763,227.12701
2989,,214.49149,221.94443
2990,,219.4389,217.51552
2991,,213.05244,214.66216
2992,,204.40149,210.11618
2993,,202.90219,212.03067
2994,,205.7438,213.96472
2995,,210.4927,216.8832
2996,,215.38303,217.47627
2997,,226.87558,214.10828
2998,,219.22913,212.17854
2999,,221.95271,210.99149
3000,,217.50401,212.01828
3001,,222.10529,214.11157
3002,,221.83363,219.40077
3003,,225.04573,221.22452
3004,,226.73618,222.84921
3005,,222.55417,223.01834
3006,,226.32196,223.79128
3007,,224.54901,225.02142
3008,,219.38686,225.69008
3009,,212.95877,227.54305
3010,,220.32834,226.9764
